Lijst,NaamWet,taxongroep,scientificName,scientificNameAuthorship,vernacularName,KenmerkCode,Kenmerk,KenmerkwaardeCode,Kenmerkwaarde,kingdom
Provinciaal belangrijke soorten - Limburg,Alytes obstetricans,Amfibieën,Alytes obstetricans,"Laurenti, 1768",Vroedmeesterpad,PBS,Provinciaal belangrijke soorten,PS,Prioritaire soort,Animalia
Provinciaal belangrijke soorten - Limburg,Bufo calamita,Amfibieën,Epidalea calamita,NULL,Rugstreeppad,PBS,Provinciaal belangrijke soorten,PS,Prioritaire soort,Animalia
Provinciaal belangrijke soorten - Limburg,Hyla arborea,Amfibieën,Hyla arborea,NULL,Boomkikker,PBS,Provinciaal belangrijke soorten,PS,Prioritaire soort,Animalia
Provinciaal belangrijke soorten - Limburg,Pelobates fuscus,Amfibieën,Pelobates fuscus,NULL,Knoflookpad,PBS,Provinciaal belangrijke soorten,PS,Prioritaire soort,Animalia
Provinciaal belangrijke soorten - Limburg,Rana arvalis,Amfibieën,Rana arvalis,NULL,Heikikker,PBS,Provinciaal belangrijke soorten,PS,Prioritaire soort,Animalia
Provinciaal belangrijke soorten - Limburg,Triturus cristatus,Amfibieën,Triturus cristatus,"(Laurenti, 1768)",Kamsalamander,PBS,Provinciaal belangrijke soorten,PS,Prioritaire soort,Animalia
Provinciaal belangrijke soorten - Limburg,Acrocephalus arundinaceus,Vogels,Acrocephalus arundinaceus,NULL,Grote karekiet,PBS,Provinciaal belangrijke soorten,PS,Prioritaire soort,Animalia
Provinciaal belangrijke soorten - Limburg,Alauda arvensis,Vogels,Alauda arvensis,NULL,Veldleeuwerik,PBS,Provinciaal belangrijke soorten,PS,Prioritaire soort,Animalia
Provinciaal belangrijke soorten - Limburg,Alcedo atthis,Vogels,Alcedo atthis,NULL,Ijsvogel,PBS,Provinciaal belangrijke soorten,PS,Prioritaire soort,Animalia
Provinciaal belangrijke soorten - Limburg,Anas strepera,Vogels,Mareca strepera,NULL,Krakeend,PBS,Provinciaal belangrijke soorten,PS,Prioritaire soort,Animalia
Provinciaal belangrijke soorten - Limburg,Botaurus stellaris,Vogels,Botaurus stellaris,NULL,Roerdomp,PBS,Provinciaal belangrijke soorten,PS,Prioritaire soort,Animalia
Provinciaal belangrijke soorten - Limburg,Caprimulgus europaeus,Vogels,Caprimulgus europaeus,NULL,Nachtzwaluw,PBS,Provinciaal belangrijke soorten,PS,Prioritaire soort,Animalia
Provinciaal belangrijke soorten - Limburg,Circus pygargus,Vogels,Circus pygargus,NULL,Grauwe kiekendief,PBS,Provinciaal belangrijke soorten,PS,Prioritaire soort,Animalia
Provinciaal belangrijke soorten - Limburg,Coturnix coturnix,Vogels,Coturnix coturnix,NULL,Kwartel,PBS,Provinciaal belangrijke soorten,PS,Prioritaire soort,Animalia
Provinciaal belangrijke soorten - Limburg,Dryocopus martius,Vogels,Dryocopus martius,NULL,Zwarte specht,PBS,Provinciaal belangrijke soorten,PS,Prioritaire soort,Animalia
Provinciaal belangrijke soorten - Limburg,Emberiza calandra,Vogels,Emberiza calandra,NULL,Grauwe gors,PBS,Provinciaal belangrijke soorten,PS,Prioritaire soort,Animalia
Provinciaal belangrijke soorten - Limburg,Emberiza citrinella,Vogels,Emberiza citrinella,NULL,Geelgors,PBS,Provinciaal belangrijke soorten,PS,Prioritaire soort,Animalia
Provinciaal belangrijke soorten - Limburg,Gallinago gallinago,Vogels,Gallinago gallinago,NULL,Watersnip,PBS,Provinciaal belangrijke soorten,PS,Prioritaire soort,Animalia
Provinciaal belangrijke soorten - Limburg,Ixobrychus minutus,Vogels,Ixobrychus minutus,NULL,Woudaap,PBS,Provinciaal belangrijke soorten,PS,Prioritaire soort,Animalia
Provinciaal belangrijke soorten - Limburg,Lanius collurio,Vogels,Lanius collurio,NULL,Grauwe klauwier,PBS,Provinciaal belangrijke soorten,PS,Prioritaire soort,Animalia
Provinciaal belangrijke soorten - Limburg,Locustella naevia,Vogels,Locustella naevia,NULL,Sprinkhaanzanger,PBS,Provinciaal belangrijke soorten,PS,Prioritaire soort,Animalia
Provinciaal belangrijke soorten - Limburg,Lullula arborea,Vogels,Lullula arborea,NULL,Boomleeuwerik,PBS,Provinciaal belangrijke soorten,PS,Prioritaire soort,Animalia
Provinciaal belangrijke soorten - Limburg,Milvus migrans,Vogels,Milvus migrans,NULL,Zwarte wouw,PBS,Provinciaal belangrijke soorten,PS,Prioritaire soort,Animalia
Provinciaal belangrijke soorten - Limburg,Oriolus oriolus,Vogels,Oriolus oriolus,NULL,Wielewaal,PBS,Provinciaal belangrijke soorten,PS,Prioritaire soort,Animalia
Provinciaal belangrijke soorten - Limburg,Pernis apivorus,Vogels,Pernis apivorus,NULL,Wespendief,PBS,Provinciaal belangrijke soorten,PS,Prioritaire soort,Animalia
Provinciaal belangrijke soorten - Limburg,Phoenicurus phoenicurus,Vogels,Phoenicurus phoenicurus,NULL,Gekraagde roodstaart,PBS,Provinciaal belangrijke soorten,PS,Prioritaire soort,Animalia
Provinciaal belangrijke soorten - Limburg,Saxicola torquatus,Vogels,Saxicola rubicola,NULL,Roodborsttapuit,PBS,Provinciaal belangrijke soorten,PS,Prioritaire soort,Animalia
Provinciaal belangrijke soorten - Limburg,Scolopax rusticola,Vogels,Scolopax rusticola,NULL,Houtsnip,PBS,Provinciaal belangrijke soorten,PS,Prioritaire soort,Animalia
Provinciaal belangrijke soorten - Limburg,Tyto alba,Vogels,Tyto alba,NULL,Kerkuil,PBS,Provinciaal belangrijke soorten,PS,Prioritaire soort,Animalia
Provinciaal belangrijke soorten - Limburg,Apatura iris,Dagvlinders,Apatura iris,NULL,Grote weerschijnvlinder,PBS,Provinciaal belangrijke soorten,PS,Prioritaire soort,Animalia
Provinciaal belangrijke soorten - Limburg,Callophrys rubi,Dagvlinders,Callophrys rubi,NULL,Groentje,PBS,Provinciaal belangrijke soorten,PS,Prioritaire soort,Animalia
Provinciaal belangrijke soorten - Limburg,Carterocephalus palaemon,Dagvlinders,Carterocephalus palaemon,NULL,Bont dikkopje,PBS,Provinciaal belangrijke soorten,PS,Prioritaire soort,Animalia
Provinciaal belangrijke soorten - Limburg,Cupido minimus,Dagvlinders,Cupido minimus,NULL,Dwergblauwtje,PBS,Provinciaal belangrijke soorten,PS,Prioritaire soort,Animalia
Provinciaal belangrijke soorten - Limburg,Cyaniris semiargus,Dagvlinders,Cyaniris semiargus,NULL,Klaverblauwtje,PBS,Provinciaal belangrijke soorten,PS,Prioritaire soort,Animalia
Provinciaal belangrijke soorten - Limburg,Erynnis tages,Dagvlinders,Erynnis tages,NULL,Bruin dikkopje,PBS,Provinciaal belangrijke soorten,PS,Prioritaire soort,Animalia
Provinciaal belangrijke soorten - Limburg,Hesperia comma,Dagvlinders,Hesperia comma,NULL,Kommavlinder,PBS,Provinciaal belangrijke soorten,PS,Prioritaire soort,Animalia
Provinciaal belangrijke soorten - Limburg,Heteropterus morpheus,Dagvlinders,Heteropterus morpheus,NULL,Spiegeldikkopje,PBS,Provinciaal belangrijke soorten,PS,Prioritaire soort,Animalia
Provinciaal belangrijke soorten - Limburg,Hipparchia semele,Dagvlinders,Hipparchia semele,"(Linnaeus, 1758)",Heivlinder,PBS,Provinciaal belangrijke soorten,PS,Prioritaire soort,Animalia
Provinciaal belangrijke soorten - Limburg,Leptidea sinapis,Dagvlinders,Leptidea sinapis,NULL,Boswitje,PBS,Provinciaal belangrijke soorten,PS,Prioritaire soort,Animalia
Provinciaal belangrijke soorten - Limburg,Limenitis camilla,Dagvlinders,Limenitis camilla,NULL,Kleine ijsvogelvlinder,PBS,Provinciaal belangrijke soorten,PS,Prioritaire soort,Animalia
Provinciaal belangrijke soorten - Limburg,Melanargia galathea,Dagvlinders,Melanargia galathea,NULL,Dambordje,PBS,Provinciaal belangrijke soorten,PS,Prioritaire soort,Animalia
Provinciaal belangrijke soorten - Limburg,Melitaea cinxia,Dagvlinders,Melitaea cinxia,NULL,Veldparelmoervlinder,PBS,Provinciaal belangrijke soorten,PS,Prioritaire soort,Animalia
Provinciaal belangrijke soorten - Limburg,Nymphalis polychloros,Dagvlinders,Nymphalis polychloros,NULL,Grote vos,PBS,Provinciaal belangrijke soorten,PS,Prioritaire soort,Animalia
Provinciaal belangrijke soorten - Limburg,Phengaris alcon,Dagvlinders,Phengaris alcon,NULL,Gentiaanblauwtje,PBS,Provinciaal belangrijke soorten,PS,Prioritaire soort,Animalia
Provinciaal belangrijke soorten - Limburg,Plebejus argus,Dagvlinders,Plebejus argus,NULL,Heideblauwtje,PBS,Provinciaal belangrijke soorten,PS,Prioritaire soort,Animalia
Provinciaal belangrijke soorten - Limburg,Satyrium ilicis,Dagvlinders,Satyrium ilicis,NULL,Bruine eikenpage,PBS,Provinciaal belangrijke soorten,PS,Prioritaire soort,Animalia
Provinciaal belangrijke soorten - Limburg,Aeshna isoceles,Libellen,Aeshna isoceles,NULL,Vroege glazenmaker,PBS,Provinciaal belangrijke soorten,PS,Prioritaire soort,Animalia
Provinciaal belangrijke soorten - Limburg,Brachytron pratense,Libellen,Brachytron pratense,NULL,Glassnijder,PBS,Provinciaal belangrijke soorten,PS,Prioritaire soort,Animalia
Provinciaal belangrijke soorten - Limburg,Calopteryx virgo,Libellen,Calopteryx virgo,NULL,Bosbeekjuffer,PBS,Provinciaal belangrijke soorten,PS,Prioritaire soort,Animalia
Provinciaal belangrijke soorten - Limburg,Ceriagrion tenellum,Libellen,Ceriagrion tenellum,NULL,Koraaljuffer,PBS,Provinciaal belangrijke soorten,PS,Prioritaire soort,Animalia
Provinciaal belangrijke soorten - Limburg,Coenagrion hastulatum,Libellen,Coenagrion hastulatum,NULL,Speerwaterjuffer,PBS,Provinciaal belangrijke soorten,PS,Prioritaire soort,Animalia
Provinciaal belangrijke soorten - Limburg,Coenagrion lunulatum,Libellen,Coenagrion lunulatum,NULL,Maanwaterjuffer,PBS,Provinciaal belangrijke soorten,PS,Prioritaire soort,Animalia
Provinciaal belangrijke soorten - Limburg,Coenagrion pulchellum,Libellen,Coenagrion pulchellum,NULL,Variabele waterjuffer,PBS,Provinciaal belangrijke soorten,PS,Prioritaire soort,Animalia
Provinciaal belangrijke soorten - Limburg,Cordulegaster boltonii,Libellen,Cordulegaster boltonii,NULL,Gewone bronlibel,PBS,Provinciaal belangrijke soorten,PS,Prioritaire soort,Animalia
Provinciaal belangrijke soorten - Limburg,Cordulia aenea,Libellen,Cordulia aenea,NULL,Smaragdlibel,PBS,Provinciaal belangrijke soorten,PS,Prioritaire soort,Animalia
Provinciaal belangrijke soorten - Limburg,Gomphus flavipes,Libellen,Stylurus flavipes,NULL,Rivierrombout,PBS,Provinciaal belangrijke soorten,PS,Prioritaire soort,Animalia
Provinciaal belangrijke soorten - Limburg,Gomphus vulgatissimus,Libellen,Gomphus vulgatissimus,NULL,Beekrombout,PBS,Provinciaal belangrijke soorten,PS,Prioritaire soort,Animalia
Provinciaal belangrijke soorten - Limburg,Lestes dryas,Libellen,Lestes dryas,NULL,Tangpantserjuffer,PBS,Provinciaal belangrijke soorten,PS,Prioritaire soort,Animalia
Provinciaal belangrijke soorten - Limburg,Lestes virens,Libellen,Lestes virens,NULL,Tengere pantserjuffer,PBS,Provinciaal belangrijke soorten,PS,Prioritaire soort,Animalia
Provinciaal belangrijke soorten - Limburg,Leucorrhinia dubia,Libellen,Leucorrhinia dubia,NULL,Venwitsnuitlibel,PBS,Provinciaal belangrijke soorten,PS,Prioritaire soort,Animalia
Provinciaal belangrijke soorten - Limburg,Leucorrhinia pectoralis,Libellen,Leucorrhinia pectoralis,NULL,Gevlekte witsnuitlibel,PBS,Provinciaal belangrijke soorten,PS,Prioritaire soort,Animalia
Provinciaal belangrijke soorten - Limburg,Leucorrhinia rubicunda,Libellen,Leucorrhinia rubicunda,NULL,Noordse witsnuitlibel,PBS,Provinciaal belangrijke soorten,PS,Prioritaire soort,Animalia
Provinciaal belangrijke soorten - Limburg,Libellula fulva,Libellen,Libellula fulva,NULL,Bruine korenbout,PBS,Provinciaal belangrijke soorten,PS,Prioritaire soort,Animalia
Provinciaal belangrijke soorten - Limburg,Orthetrum coerulescens,Libellen,Orthetrum coerulescens,NULL,Beekoeverlibel,PBS,Provinciaal belangrijke soorten,PS,Prioritaire soort,Animalia
Provinciaal belangrijke soorten - Limburg,Somatochlora arctica,Libellen,Somatochlora arctica,NULL,Hoogveenglanslibel,PBS,Provinciaal belangrijke soorten,PS,Prioritaire soort,Animalia
Provinciaal belangrijke soorten - Limburg,Somatochlora flavomaculata,Libellen,Somatochlora flavomaculata,NULL,Gevlekte glanslibel,PBS,Provinciaal belangrijke soorten,PS,Prioritaire soort,Animalia
Provinciaal belangrijke soorten - Limburg,Somatochlora metallica,Libellen,Somatochlora metallica,NULL,Metaalglanslibel,PBS,Provinciaal belangrijke soorten,PS,Prioritaire soort,Animalia
Provinciaal belangrijke soorten - Limburg,Sympetrum depressiusculum,Libellen,Sympetrum depressiusculum,NULL,Kempense heidelibel,PBS,Provinciaal belangrijke soorten,PS,Prioritaire soort,Animalia
Provinciaal belangrijke soorten - Limburg,Anergates atratulus,Mieren,Anergates atratulus,NULL,Woekermier,PBS,Provinciaal belangrijke soorten,PS,Prioritaire soort,Animalia
Provinciaal belangrijke soorten - Limburg,Formica lusatica,Mieren,Formica lusatica,NULL,Duinrenmier,PBS,Provinciaal belangrijke soorten,PS,Prioritaire soort,Animalia
Provinciaal belangrijke soorten - Limburg,Formica rufa x polyctena,Mieren,Formica rufa x polyctena,NULL,Hybride van formica rufa-complex,PBS,Provinciaal belangrijke soorten,PS,Prioritaire soort,Animalia
Provinciaal belangrijke soorten - Limburg,Formica transkaucasica,Mieren,Formica transkaucasica,NULL,Veenmier,PBS,Provinciaal belangrijke soorten,PS,Prioritaire soort,Animalia
Provinciaal belangrijke soorten - Limburg,Formicoxenus nitidulus,Mieren,Formicoxenus nitidulus,NULL,Glanzende gastmier,PBS,Provinciaal belangrijke soorten,PS,Prioritaire soort,Animalia
Provinciaal belangrijke soorten - Limburg,Lasius jensi,Mieren,Lasius jensi,NULL,Puntschubmier,PBS,Provinciaal belangrijke soorten,PS,Prioritaire soort,Animalia
Provinciaal belangrijke soorten - Limburg,Lasius myops,Mieren,Lasius myops,NULL,Kleinoogweidemier,PBS,Provinciaal belangrijke soorten,PS,Prioritaire soort,Animalia
Provinciaal belangrijke soorten - Limburg,Leptothorax muscorum,Mieren,Leptothorax muscorum,NULL,Mosslankmier,PBS,Provinciaal belangrijke soorten,PS,Prioritaire soort,Animalia
Provinciaal belangrijke soorten - Limburg,Myrmica lonae,Mieren,Myrmica lonae,NULL,Lepelsteekmier,PBS,Provinciaal belangrijke soorten,PS,Prioritaire soort,Animalia
Provinciaal belangrijke soorten - Limburg,Myrmica sulcinodis,Mieren,Myrmica sulcinodis,NULL,Heidesteekmier,PBS,Provinciaal belangrijke soorten,PS,Prioritaire soort,Animalia
Provinciaal belangrijke soorten - Limburg,Polyergus rufescens,Mieren,Polyergus rufescens,NULL,Amazonemier,PBS,Provinciaal belangrijke soorten,PS,Prioritaire soort,Animalia
Provinciaal belangrijke soorten - Limburg,Ponera coarctata,Mieren,Ponera coarctata,NULL,Gewone staafmier,PBS,Provinciaal belangrijke soorten,PS,Prioritaire soort,Animalia
Provinciaal belangrijke soorten - Limburg,Solenopsis fugax,Mieren,Solenopsis fugax,NULL,Diefmier,PBS,Provinciaal belangrijke soorten,PS,Prioritaire soort,Animalia
Provinciaal belangrijke soorten - Limburg,Strongylognathus testaceus,Mieren,Strongylognathus testaceus,NULL,Sabelmier,PBS,Provinciaal belangrijke soorten,PS,Prioritaire soort,Animalia
Provinciaal belangrijke soorten - Limburg,Tapinoma ambiguum,Mieren,Tapinoma ambiguum,NULL,Heidedraaigatje,PBS,Provinciaal belangrijke soorten,PS,Prioritaire soort,Animalia
Provinciaal belangrijke soorten - Limburg,Tapinoma erraticum,Mieren,Tapinoma erraticum,NULL,Mergeldraaigatje,PBS,Provinciaal belangrijke soorten,PS,Prioritaire soort,Animalia
Provinciaal belangrijke soorten - Limburg,Coronella austriaca,Reptielen,Coronella austriaca,NULL,Gladde slang,PBS,Provinciaal belangrijke soorten,PS,Prioritaire soort,Animalia
Provinciaal belangrijke soorten - Limburg,Chorthippus mollis,Sprinkhanen,Chorthippus mollis,NULL,Snortikker,PBS,Provinciaal belangrijke soorten,PS,Prioritaire soort,Animalia
Provinciaal belangrijke soorten - Limburg,Ephippiger diurnus,Sprinkhanen,Ephippiger diurnus,NULL,Zadelsprinkhaan,PBS,Provinciaal belangrijke soorten,PS,Prioritaire soort,Animalia
Provinciaal belangrijke soorten - Limburg,Gomphocerripus rufus,Sprinkhanen,Gomphocerippus rufus,NULL,Rosse sprinkhaan,PBS,Provinciaal belangrijke soorten,PS,Prioritaire soort,Animalia
Provinciaal belangrijke soorten - Limburg,Gryllus campestris,Sprinkhanen,Gryllus campestris,NULL,Veldkrekel,PBS,Provinciaal belangrijke soorten,PS,Prioritaire soort,Animalia
Provinciaal belangrijke soorten - Limburg,Nemobius sylvestris,Sprinkhanen,Nemobius sylvestris,NULL,Boskrekel,PBS,Provinciaal belangrijke soorten,PS,Prioritaire soort,Animalia
Provinciaal belangrijke soorten - Limburg,Oedipoda caerulescens,Sprinkhanen,Oedipoda caerulescens,NULL,Blauwvleugelsprinkhaan,PBS,Provinciaal belangrijke soorten,PS,Prioritaire soort,Animalia
Provinciaal belangrijke soorten - Limburg,Omocestus rufipes,Sprinkhanen,Omocestus rufipes,NULL,Zwart wekkertje,PBS,Provinciaal belangrijke soorten,PS,Prioritaire soort,Animalia
Provinciaal belangrijke soorten - Limburg,Omocestus viridulus,Sprinkhanen,Omocestus viridulus,NULL,Wekkertje,PBS,Provinciaal belangrijke soorten,PS,Prioritaire soort,Animalia
Provinciaal belangrijke soorten - Limburg,Pseudochorthippus montanus,Sprinkhanen,Pseudochorthippus montanus,NULL,Zompsprinkhaan,PBS,Provinciaal belangrijke soorten,PS,Prioritaire soort,Animalia
Provinciaal belangrijke soorten - Limburg,Stenobothrus lineatus,Sprinkhanen,Stenobothrus lineatus,NULL,Zoemertje,PBS,Provinciaal belangrijke soorten,PS,Prioritaire soort,Animalia
Provinciaal belangrijke soorten - Limburg,Stenobothrus stigmaticus,Sprinkhanen,Stenobothrus stigmaticus,NULL,Schavertje,PBS,Provinciaal belangrijke soorten,PS,Prioritaire soort,Animalia
Provinciaal belangrijke soorten - Limburg,Stethophyma grossum,Sprinkhanen,Stethophyma grossum,NULL,Moerassprinkhaan,PBS,Provinciaal belangrijke soorten,PS,Prioritaire soort,Animalia
Provinciaal belangrijke soorten - Limburg,Tetrix tenuicornis,Sprinkhanen,Tetrix tenuicornis,NULL,Kalkdoorntje,PBS,Provinciaal belangrijke soorten,PS,Prioritaire soort,Animalia
Provinciaal belangrijke soorten - Limburg,Acinos arvensis (Lam.) Dandy,Vaatplanten,Acinos arvensis,(Lam.) Dandy,Kleine steentijm,PBS,Provinciaal belangrijke soorten,PS,Prioritaire soort,Plantae
Provinciaal belangrijke soorten - Limburg,Actaea spicata L.,Vaatplanten,Actaea spicata,L.,Christoffelkruid,PBS,Provinciaal belangrijke soorten,PS,Prioritaire soort,Plantae
Provinciaal belangrijke soorten - Limburg,Allium oleraceum L.,Vaatplanten,Allium oleraceum,L.,Moeslook,PBS,Provinciaal belangrijke soorten,PS,Prioritaire soort,Plantae
Provinciaal belangrijke soorten - Limburg,Anagallis tenella (L.) L.,Vaatplanten,Anagallis tenella,(L.) L.,Teer guichelheil,PBS,Provinciaal belangrijke soorten,PS,Prioritaire soort,Plantae
Provinciaal belangrijke soorten - Limburg,Anthemis arvensis L.,Vaatplanten,Anthemis arvensis,L.,Valse kamille,PBS,Provinciaal belangrijke soorten,PS,Prioritaire soort,Plantae
Provinciaal belangrijke soorten - Limburg,Anthyllis vulneraria L.,Vaatplanten,Anthyllis vulneraria,L.,Wondklaver,PBS,Provinciaal belangrijke soorten,PS,Prioritaire soort,Plantae
Provinciaal belangrijke soorten - Limburg,Apium inundatum (L.) Reichenb. f.,Vaatplanten,Apium inundatum,(L.) Reichenb. f.,Ondergedoken moerasscherm,PBS,Provinciaal belangrijke soorten,PS,Prioritaire soort,Plantae
Provinciaal belangrijke soorten - Limburg,Apium repens (Jacq.) Lag.,Vaatplanten,Apium repens,(Jacq.) Lag.,Kruipend moerasscherm,PBS,Provinciaal belangrijke soorten,PS,Prioritaire soort,Plantae
Provinciaal belangrijke soorten - Limburg,Arabis glabra (L.) Bernh.,Vaatplanten,Arabis glabra,(L.) Bernh.,Torenkruid,PBS,Provinciaal belangrijke soorten,PS,Prioritaire soort,Plantae
Provinciaal belangrijke soorten - Limburg,Arnoseris minima (L.) Schweigg. et Körte,Vaatplanten,Arnoseris minima,(L.) Schweigg. et Körte,Korensla,PBS,Provinciaal belangrijke soorten,PS,Prioritaire soort,Plantae
Provinciaal belangrijke soorten - Limburg,Baldellia ranunculoides (L.) Parl.,Vaatplanten,Baldellia ranunculoides,(L.) Parl.,Moerasweegbree,PBS,Provinciaal belangrijke soorten,PS,Prioritaire soort,Plantae
Provinciaal belangrijke soorten - Limburg,Botrychium lunaria (L.) Swartz,Vaatplanten,Botrychium lunaria,(L.) Swartz,Gelobde maanvaren,PBS,Provinciaal belangrijke soorten,PS,Prioritaire soort,Plantae
Provinciaal belangrijke soorten - Limburg,Briza media L.,Vaatplanten,Briza media,L.,Bevertjes,PBS,Provinciaal belangrijke soorten,PS,Prioritaire soort,Plantae
Provinciaal belangrijke soorten - Limburg,Carex hostiana DC.,Vaatplanten,Carex hostiana,DC.,Blonde zegge,PBS,Provinciaal belangrijke soorten,PS,Prioritaire soort,Plantae
Provinciaal belangrijke soorten - Limburg,Carex limosa L.,Vaatplanten,Carex limosa,L.,Slijkzegge,PBS,Provinciaal belangrijke soorten,PS,Prioritaire soort,Plantae
Provinciaal belangrijke soorten - Limburg,Carex muricata L.,Vaatplanten,Carex muricata,L.,Dichte bermzegge,PBS,Provinciaal belangrijke soorten,PS,Prioritaire soort,Plantae
Provinciaal belangrijke soorten - Limburg,Carex panicea L.,Vaatplanten,Carex panicea,L.,Blauwe zegge,PBS,Provinciaal belangrijke soorten,PS,Prioritaire soort,Plantae
Provinciaal belangrijke soorten - Limburg,Carex vulpina L.,Vaatplanten,Carex vulpina,L.,Voszegge,PBS,Provinciaal belangrijke soorten,PS,Prioritaire soort,Plantae
Provinciaal belangrijke soorten - Limburg,Carum verticillatum (L.) Koch,Vaatplanten,Carum verticillatum,(L.) Koch,Kranskarwij,PBS,Provinciaal belangrijke soorten,PS,Prioritaire soort,Plantae
Provinciaal belangrijke soorten - Limburg,Cephalanthera damasonium (Mill.) Druce,Vaatplanten,Cephalanthera damasonium,(Mill.) Druce,Bleek bosvogeltje,PBS,Provinciaal belangrijke soorten,PS,Prioritaire soort,Plantae
Provinciaal belangrijke soorten - Limburg,Cicendia filiformis (L.) Delarbre,Vaatplanten,Cicendia filiformis,(L.) Delarbre,Draadgentiaan,PBS,Provinciaal belangrijke soorten,PS,Prioritaire soort,Plantae
Provinciaal belangrijke soorten - Limburg,Cicuta virosa L.,Vaatplanten,Cicuta virosa,L.,Waterscheerling,PBS,Provinciaal belangrijke soorten,PS,Prioritaire soort,Plantae
Provinciaal belangrijke soorten - Limburg,Coeloglossum viride (L.) Hartm.,Vaatplanten,Coeloglossum viride,(L.) Hartm.,Groene nachtorchis,PBS,Provinciaal belangrijke soorten,PS,Prioritaire soort,Plantae
Provinciaal belangrijke soorten - Limburg,Crepis foetida L.,Vaatplanten,Crepis foetida,L.,Stinkend streepzaad,PBS,Provinciaal belangrijke soorten,PS,Prioritaire soort,Plantae
Provinciaal belangrijke soorten - Limburg,Cuscuta epithymum (L.) L.,Vaatplanten,Cuscuta epithymum,(L.) L.,Klein warkruid,PBS,Provinciaal belangrijke soorten,PS,Prioritaire soort,Plantae
Provinciaal belangrijke soorten - Limburg,Dactylorhiza maculata (L.) Soó,Vaatplanten,Dactylorhiza maculata,(L.) Soó,Gevlekte orchis,PBS,Provinciaal belangrijke soorten,PS,Prioritaire soort,Plantae
Provinciaal belangrijke soorten - Limburg,Daphne mezereum L.,Vaatplanten,Daphne mezereum,L.,Rood peperboompje,PBS,Provinciaal belangrijke soorten,PS,Prioritaire soort,Plantae
Provinciaal belangrijke soorten - Limburg,Deschampsia setacea (Huds.) Hack.,Vaatplanten,Deschampsia setacea,(Huds.) Hack.,Moerassmele,PBS,Provinciaal belangrijke soorten,PS,Prioritaire soort,Plantae
Provinciaal belangrijke soorten - Limburg,Dianthus armeria L.,Vaatplanten,Dianthus armeria,L.,Ruige anjer,PBS,Provinciaal belangrijke soorten,PS,Prioritaire soort,Plantae
Provinciaal belangrijke soorten - Limburg,Diphasiastrum tristachyum (Pursh) Holub,Vaatplanten,Diphasiastrum tristachyum,(Pursh) Holub,Kleine wolfsklauw,PBS,Provinciaal belangrijke soorten,PS,Prioritaire soort,Plantae
Provinciaal belangrijke soorten - Limburg,Draba muralis L.,Vaatplanten,Draba muralis,L.,Wit hongerbloempje,PBS,Provinciaal belangrijke soorten,PS,Prioritaire soort,Plantae
Provinciaal belangrijke soorten - Limburg,Drosera rotundifolia L.,Vaatplanten,Drosera rotundifolia,L.,Ronde zonnedauw,PBS,Provinciaal belangrijke soorten,PS,Prioritaire soort,Plantae
Provinciaal belangrijke soorten - Limburg,Euphorbia exigua L.,Vaatplanten,Euphorbia exigua,L.,Kleine wolfsmelk,PBS,Provinciaal belangrijke soorten,PS,Prioritaire soort,Plantae
Provinciaal belangrijke soorten - Limburg,Filago minima (Smith) Pers.,Vaatplanten,Filago minima,(Smith) Pers.,Dwergviltkruid,PBS,Provinciaal belangrijke soorten,PS,Prioritaire soort,Plantae
Provinciaal belangrijke soorten - Limburg,Galeopsis angustifolia Ehrh. ex Hoffmann,Vaatplanten,Galeopsis angustifolia,Ehrh. ex Hoffmann,Smalle raai,PBS,Provinciaal belangrijke soorten,PS,Prioritaire soort,Plantae
Provinciaal belangrijke soorten - Limburg,Galeopsis segetum Neck.,Vaatplanten,Galeopsis segetum,Neck.,Bleekgele hennepnetel,PBS,Provinciaal belangrijke soorten,PS,Prioritaire soort,Plantae
Provinciaal belangrijke soorten - Limburg,Galium pumilum Murray,Vaatplanten,Galium pumilum,Murray,Kalkwalstro,PBS,Provinciaal belangrijke soorten,PS,Prioritaire soort,Plantae
Provinciaal belangrijke soorten - Limburg,Genista pilosa L.,Vaatplanten,Genista pilosa,L.,Kruipbrem,PBS,Provinciaal belangrijke soorten,PS,Prioritaire soort,Plantae
Provinciaal belangrijke soorten - Limburg,Gentiana pneumonanthe L.,Vaatplanten,Gentiana pneumonanthe,L.,Klokjesgentiaan,PBS,Provinciaal belangrijke soorten,PS,Prioritaire soort,Plantae
Provinciaal belangrijke soorten - Limburg,Gnaphalium sylvaticum L.,Vaatplanten,Gnaphalium sylvaticum,L.,Bosdroogbloem,PBS,Provinciaal belangrijke soorten,PS,Prioritaire soort,Plantae
Provinciaal belangrijke soorten - Limburg,Gratiola officinalis L.,Vaatplanten,Gratiola officinalis,L.,Genadekruid,PBS,Provinciaal belangrijke soorten,PS,Prioritaire soort,Plantae
Provinciaal belangrijke soorten - Limburg,Hammarbya paludosa (L.) O. Kuntze,Vaatplanten,Hammarbya paludosa,(L.) O. Kuntze,Veenmosorchis,PBS,Provinciaal belangrijke soorten,PS,Prioritaire soort,Plantae
Provinciaal belangrijke soorten - Limburg,Hieracium lachenalii C.C. Gmel.,Vaatplanten,Hieracium lachenalii,C.C. Gmel.,Dicht havikskruid,PBS,Provinciaal belangrijke soorten,PS,Prioritaire soort,Plantae
Provinciaal belangrijke soorten - Limburg,Hypochaeris glabra L.,Vaatplanten,Hypochaeris glabra,L.,Glad biggenkruid,PBS,Provinciaal belangrijke soorten,PS,Prioritaire soort,Plantae
Provinciaal belangrijke soorten - Limburg,Inula britannica L.,Vaatplanten,Inula britannica,L.,Engelse alant,PBS,Provinciaal belangrijke soorten,PS,Prioritaire soort,Plantae
Provinciaal belangrijke soorten - Limburg,Isoetes echinospora Durieu,Vaatplanten,Isoetes echinospora,Durieu,Kleine biesvaren,PBS,Provinciaal belangrijke soorten,PS,Prioritaire soort,Plantae
Provinciaal belangrijke soorten - Limburg,Koeleria macrantha (Ledeb.) Schult.,Vaatplanten,Koeleria macrantha,(Ledeb.) Schult.,Smal fakkelgras,PBS,Provinciaal belangrijke soorten,PS,Prioritaire soort,Plantae
Provinciaal belangrijke soorten - Limburg,Linum catharticum L.,Vaatplanten,Linum catharticum,L.,Geelhartje,PBS,Provinciaal belangrijke soorten,PS,Prioritaire soort,Plantae
Provinciaal belangrijke soorten - Limburg,Lithospermum arvense L.,Vaatplanten,Lithospermum arvense,L.,Ruw parelzaad,PBS,Provinciaal belangrijke soorten,PS,Prioritaire soort,Plantae
Provinciaal belangrijke soorten - Limburg,Lobelia dortmanna L.,Vaatplanten,Lobelia dortmanna,L.,Waterlobelia,PBS,Provinciaal belangrijke soorten,PS,Prioritaire soort,Plantae
Provinciaal belangrijke soorten - Limburg,Luronium natans (L.) Rafin.,Vaatplanten,Luronium natans,(L.) Rafin.,Drijvende waterweegbree,PBS,Provinciaal belangrijke soorten,PS,Prioritaire soort,Plantae
Provinciaal belangrijke soorten - Limburg,Luzula luzuloides (Lam.) Dandy et Wilmott,Vaatplanten,Luzula luzuloides,(Lam.) Dandy et Wilmott,Witte veldbies,PBS,Provinciaal belangrijke soorten,PS,Prioritaire soort,Plantae
Provinciaal belangrijke soorten - Limburg,Lycopodium clavatum L.,Vaatplanten,Lycopodium clavatum,L.,Grote wolfsklauw,PBS,Provinciaal belangrijke soorten,PS,Prioritaire soort,Plantae
Provinciaal belangrijke soorten - Limburg,Mentha longifolia L.,Vaatplanten,Mentha longifolia,L.,Hertsmunt,PBS,Provinciaal belangrijke soorten,PS,Prioritaire soort,Plantae
Provinciaal belangrijke soorten - Limburg,Mentha pulegium L.,Vaatplanten,Mentha pulegium,L.,Polei,PBS,Provinciaal belangrijke soorten,PS,Prioritaire soort,Plantae
Provinciaal belangrijke soorten - Limburg,Mibora minima (L.) Desv.,Vaatplanten,Mibora minima,(L.) Desv.,Dwerggras,PBS,Provinciaal belangrijke soorten,PS,Prioritaire soort,Plantae
Provinciaal belangrijke soorten - Limburg,Minuartia hybrida (Vill.) Schischkin,Vaatplanten,Minuartia hybrida,(Vill.) Schischkin,Tengere veldmuur,PBS,Provinciaal belangrijke soorten,PS,Prioritaire soort,Plantae
Provinciaal belangrijke soorten - Limburg,"Moenchia erecta (L.) P. Gaertn., B. Mey. et Scherb.",Vaatplanten,Moenchia erecta,"(L.) P. Gaertn., B. Mey. et Scherb.",Kruismuur,PBS,Provinciaal belangrijke soorten,PS,Prioritaire soort,Plantae
Provinciaal belangrijke soorten - Limburg,Najas marina L.,Vaatplanten,Najas marina,L.,Groot nimfkruid,PBS,Provinciaal belangrijke soorten,PS,Prioritaire soort,Plantae
Provinciaal belangrijke soorten - Limburg,Nepeta cataria L.,Vaatplanten,Nepeta cataria,L.,Wild kattenkruid,PBS,Provinciaal belangrijke soorten,PS,Prioritaire soort,Plantae
Provinciaal belangrijke soorten - Limburg,Nymphoides peltata (S.G. Gmel.) O. Kuntze,Vaatplanten,Nymphoides peltata,(S.G. Gmel.) O. Kuntze,Watergentiaan,PBS,Provinciaal belangrijke soorten,PS,Prioritaire soort,Plantae
Provinciaal belangrijke soorten - Limburg,Ononis spinosa L.,Vaatplanten,Ononis spinosa,L.,Kattendoorn,PBS,Provinciaal belangrijke soorten,PS,Prioritaire soort,Plantae
Provinciaal belangrijke soorten - Limburg,Ophrys insectifera L.,Vaatplanten,Ophrys insectifera,L.,Vliegenorchis,PBS,Provinciaal belangrijke soorten,PS,Prioritaire soort,Plantae
Provinciaal belangrijke soorten - Limburg,Orchis anthropophora (L.) All.,NULL,NULL,NULL,NULL,PBS,Provinciaal belangrijke soorten,PS,Prioritaire soort,Plantae
Provinciaal belangrijke soorten - Limburg,Orchis mascula (L.) L.,Vaatplanten,Orchis mascula,(L.) L.,Mannetjesorchis,PBS,Provinciaal belangrijke soorten,PS,Prioritaire soort,Plantae
Provinciaal belangrijke soorten - Limburg,Orchis purpurea Huds.,Vaatplanten,Orchis purpurea,Huds.,Purperorchis,PBS,Provinciaal belangrijke soorten,PS,Prioritaire soort,Plantae
Provinciaal belangrijke soorten - Limburg,Orchis simia Lam.,Vaatplanten,Orchis simia,Lam.,Aapjesorchis,PBS,Provinciaal belangrijke soorten,PS,Prioritaire soort,Plantae
Provinciaal belangrijke soorten - Limburg,Orobanche rapum-genistae Thuill.,Vaatplanten,Orobanche rapum-genistae,Thuill.,Grote bremraap,PBS,Provinciaal belangrijke soorten,PS,Prioritaire soort,Plantae
Provinciaal belangrijke soorten - Limburg,Pedicularis sylvatica L.,Vaatplanten,Pedicularis sylvatica,L.,Heidekartelblad,PBS,Provinciaal belangrijke soorten,PS,Prioritaire soort,Plantae
Provinciaal belangrijke soorten - Limburg,Peucedanum carvifolia Vill.,Vaatplanten,Peucedanum carvifolia,Vill.,Karwijvarkenskervel,PBS,Provinciaal belangrijke soorten,PS,Prioritaire soort,Plantae
Provinciaal belangrijke soorten - Limburg,Phegopteris connectilis (Michaux) Watt,Vaatplanten,Phegopteris connectilis,(Michaux) Watt,Smalle beukvaren,PBS,Provinciaal belangrijke soorten,PS,Prioritaire soort,Plantae
Provinciaal belangrijke soorten - Limburg,Platanthera bifolia (L.) L.C.M. Rich.,Vaatplanten,Platanthera bifolia,(L.) L.C.M. Rich.,Welriekende nachtorchis,PBS,Provinciaal belangrijke soorten,PS,Prioritaire soort,Plantae
Provinciaal belangrijke soorten - Limburg,Polygala serpyllifolia Hose,Vaatplanten,Polygala serpyllifolia,Hose,Liggende vleugeltjesbloem,PBS,Provinciaal belangrijke soorten,PS,Prioritaire soort,Plantae
Provinciaal belangrijke soorten - Limburg,Potamogeton alpinus Balb.,Vaatplanten,Potamogeton alpinus,Balb.,Rossig fonteinkruid,PBS,Provinciaal belangrijke soorten,PS,Prioritaire soort,Plantae
Provinciaal belangrijke soorten - Limburg,Potamogeton gramineus L.,Vaatplanten,Potamogeton gramineus,L.,Ongelijkbladig fonteinkruid,PBS,Provinciaal belangrijke soorten,PS,Prioritaire soort,Plantae
Provinciaal belangrijke soorten - Limburg,Potamogeton nodosus Poiret,Vaatplanten,Potamogeton nodosus,Poiret,Rivierfonteinkruid,PBS,Provinciaal belangrijke soorten,PS,Prioritaire soort,Plantae
Provinciaal belangrijke soorten - Limburg,Pulicaria vulgaris Gaertn.,Vaatplanten,Pulicaria vulgaris,Gaertn.,Klein vlooienkruid,PBS,Provinciaal belangrijke soorten,PS,Prioritaire soort,Plantae
Provinciaal belangrijke soorten - Limburg,Pyrola minor L.,Vaatplanten,Pyrola minor,L.,Klein wintergroen,PBS,Provinciaal belangrijke soorten,PS,Prioritaire soort,Plantae
Provinciaal belangrijke soorten - Limburg,Rhinanthus angustifolius C.C. Gmel.,Vaatplanten,Rhinanthus angustifolius,C.C. Gmel.,Grote ratelaar,PBS,Provinciaal belangrijke soorten,PS,Prioritaire soort,Plantae
Provinciaal belangrijke soorten - Limburg,Rosa agrestis Savi,Vaatplanten,Rosa agrestis,Savi,Kraagroos,PBS,Provinciaal belangrijke soorten,PS,Prioritaire soort,Plantae
Provinciaal belangrijke soorten - Limburg,Rosa micrantha Borrer ex Smith,Vaatplanten,Rosa micrantha,Borrer ex Smith,Kleinbloemige roos,PBS,Provinciaal belangrijke soorten,PS,Prioritaire soort,Plantae
Provinciaal belangrijke soorten - Limburg,Salvia pratensis L.,Vaatplanten,Salvia pratensis,L.,Veldsalie,PBS,Provinciaal belangrijke soorten,PS,Prioritaire soort,Plantae
Provinciaal belangrijke soorten - Limburg,Scandix pecten-veneris L.,Vaatplanten,Scandix pecten-veneris,L.,Naaldenkervel,PBS,Provinciaal belangrijke soorten,PS,Prioritaire soort,Plantae
Provinciaal belangrijke soorten - Limburg,Scheuchzeria palustris L.,Vaatplanten,Scheuchzeria palustris,L.,Veenbloembies,PBS,Provinciaal belangrijke soorten,PS,Prioritaire soort,Plantae
Provinciaal belangrijke soorten - Limburg,Schoenoplectus lacustris (L.) R. Brown,Vaatplanten,Schoenoplectus lacustris,(L.) R. Brown,Mattenbies,PBS,Provinciaal belangrijke soorten,PS,Prioritaire soort,Plantae
Provinciaal belangrijke soorten - Limburg,Scorzonera humilis L.,Vaatplanten,Scorzonera humilis,L.,Kleine schorseneer,PBS,Provinciaal belangrijke soorten,PS,Prioritaire soort,Plantae
Provinciaal belangrijke soorten - Limburg,Sedum sexangulare L.,Vaatplanten,Sedum sexangulare,L.,Zacht vetkruid,PBS,Provinciaal belangrijke soorten,PS,Prioritaire soort,Plantae
Provinciaal belangrijke soorten - Limburg,Teesdalia nudicaulis (L.) R. Brown,Vaatplanten,Teesdalia nudicaulis,(L.) R. Brown,Klein tasjeskruid,PBS,Provinciaal belangrijke soorten,PS,Prioritaire soort,Plantae
Provinciaal belangrijke soorten - Limburg,Thymus pulegioides L.,Vaatplanten,Thymus pulegioides,L.,Grote tijm,PBS,Provinciaal belangrijke soorten,PS,Prioritaire soort,Plantae
Provinciaal belangrijke soorten - Limburg,Trientalis europaea L.,Vaatplanten,Trientalis europaea,L.,Zevenster,PBS,Provinciaal belangrijke soorten,PS,Prioritaire soort,Plantae
Provinciaal belangrijke soorten - Limburg,Utricularia minor L.,Vaatplanten,Utricularia minor,L.,Klein blaasjeskruid,PBS,Provinciaal belangrijke soorten,PS,Prioritaire soort,Plantae
Provinciaal belangrijke soorten - Limburg,Veronica triphyllos L.,Vaatplanten,Veronica triphyllos,L.,Handjesereprijs,PBS,Provinciaal belangrijke soorten,PS,Prioritaire soort,Plantae
Provinciaal belangrijke soorten - Limburg,Vincetoxicum hirundinaria Med.,Vaatplanten,Vincetoxicum hirundinaria,Med.,Witte engbloem,PBS,Provinciaal belangrijke soorten,PS,Prioritaire soort,Plantae
Provinciaal belangrijke soorten - Limburg,Viola canina L.,Vaatplanten,Viola canina,L.,Hondsviooltje,PBS,Provinciaal belangrijke soorten,PS,Prioritaire soort,Plantae
Provinciaal belangrijke soorten - Limburg,Barbus barbus,Vissen,Barbus barbus,NULL,Barbeel,PBS,Provinciaal belangrijke soorten,PS,Prioritaire soort,Animalia
Provinciaal belangrijke soorten - Limburg,Carassius carassius,Vissen,Carassius carassius,NULL,Kroeskarper,PBS,Provinciaal belangrijke soorten,PS,Prioritaire soort,Animalia
Provinciaal belangrijke soorten - Limburg,Chondrostoma nasus,Vissen,Chondrostoma nasus,NULL,Sneep,PBS,Provinciaal belangrijke soorten,PS,Prioritaire soort,Animalia
Provinciaal belangrijke soorten - Limburg,Lampetra planeri,Vissen,Lampetra planeri,NULL,Beekprik,PBS,Provinciaal belangrijke soorten,PS,Prioritaire soort,Animalia
Provinciaal belangrijke soorten - Limburg,Leuciscus leuciscus,Vissen,Leuciscus leuciscus,NULL,Serpeling,PBS,Provinciaal belangrijke soorten,PS,Prioritaire soort,Animalia
Provinciaal belangrijke soorten - Limburg,Misgurnus fossilis,Vissen,Misgurnus fossilis,NULL,Grote modderkruiper,PBS,Provinciaal belangrijke soorten,PS,Prioritaire soort,Animalia
Provinciaal belangrijke soorten - Limburg,Phoxinus phoxinus,Vissen,Phoxinus phoxinus,NULL,Elrits,PBS,Provinciaal belangrijke soorten,PS,Prioritaire soort,Animalia
Provinciaal belangrijke soorten - Limburg,Salmo trutta,NULL,NULL,NULL,NULL,PBS,Provinciaal belangrijke soorten,PS,Prioritaire soort,Animalia
Provinciaal belangrijke soorten - Limburg,Squalius cephalus,Vissen,Leuciscus cephalus,NULL,Kopvoorn,PBS,Provinciaal belangrijke soorten,PS,Prioritaire soort,Animalia
Provinciaal belangrijke soorten - Limburg,Cricetus cricetus,Zoogdieren,Cricetus cricetus,NULL,Europese hamster,PBS,Provinciaal belangrijke soorten,PS,Prioritaire soort,Animalia
Provinciaal belangrijke soorten - Limburg,Martes martes,Zoogdieren,Martes martes,NULL,Boommarter,PBS,Provinciaal belangrijke soorten,PS,Prioritaire soort,Animalia
Provinciaal belangrijke soorten - Limburg,Meles meles,Zoogdieren,Meles meles,NULL,Das,PBS,Provinciaal belangrijke soorten,PS,Prioritaire soort,Animalia
Provinciaal belangrijke soorten - Limburg,Muscardinus avellanarius,Zoogdieren,Muscardinus avellanarius,NULL,Hazelmuis,PBS,Provinciaal belangrijke soorten,PS,Prioritaire soort,Animalia
Provinciaal belangrijke soorten - Limburg,Myotis bechsteinii,Zoogdieren,Myotis bechsteinii,NULL,Bechsteins vleermuis,PBS,Provinciaal belangrijke soorten,PS,Prioritaire soort,Animalia
Provinciaal belangrijke soorten - Limburg,Myotis dasycneme,Zoogdieren,Myotis dasycneme,NULL,Meervleermuis,PBS,Provinciaal belangrijke soorten,PS,Prioritaire soort,Animalia
Provinciaal belangrijke soorten - Limburg,Myotis emarginatus,Zoogdieren,Myotis emarginatus,NULL,Ingekorven vleermuis,PBS,Provinciaal belangrijke soorten,PS,Prioritaire soort,Animalia
Provinciaal belangrijke soorten - Limburg,Myotis myotis,Zoogdieren,Myotis myotis,NULL,Vale vleermuis,PBS,Provinciaal belangrijke soorten,PS,Prioritaire soort,Animalia
Provinciaal belangrijke soorten - Limburg,Rhinolophus ferrumequinum,Zoogdieren,Rhinolophus ferrumequinum,NULL,Grote hoefijzerneus,PBS,Provinciaal belangrijke soorten,PS,Prioritaire soort,Animalia
Provinciaal belangrijke soorten - Limburg,Epidalea calamita,Amfibieën,Epidalea calamita,NULL,Rugstreeppad,PBS,Provinciaal belangrijke soorten,PS,Prioritaire soort,Animalia
Provinciaal belangrijke soorten - Limburg,Pelophylax lessonae,Amfibieën,Pelophylax lessonae,"(Camerano, 1882)",Poelkikker,PBS,Provinciaal belangrijke soorten,PS,Prioritaire soort,Animalia
Provinciaal belangrijke soorten - Limburg,Anthus pratensis,Vogels,Anthus pratensis,NULL,Graspieper,PBS,Provinciaal belangrijke soorten,HS,Habitattypische soort,Animalia
Provinciaal belangrijke soorten - Limburg,Anthus trivialis,Vogels,Anthus trivialis,NULL,Boompieper,PBS,Provinciaal belangrijke soorten,PS,Prioritaire soort,Animalia
Provinciaal belangrijke soorten - Limburg,Bubo bubo,Vogels,Bubo bubo,NULL,Oehoe,PBS,Provinciaal belangrijke soorten,PS,Prioritaire soort,Animalia
Provinciaal belangrijke soorten - Limburg,Certhia familiaris,Vogels,Certhia familiaris,NULL,Taigaboomkruiper,PBS,Provinciaal belangrijke soorten,PS,Prioritaire soort,Animalia
Provinciaal belangrijke soorten - Limburg,Ciconia ciconia,Vogels,Ciconia ciconia,NULL,Ooievaar,PBS,Provinciaal belangrijke soorten,PS,Prioritaire soort,Animalia
Provinciaal belangrijke soorten - Limburg,Circus aeruginosus,Vogels,Circus aeruginosus,NULL,Bruine kiekendief,PBS,Provinciaal belangrijke soorten,PS,Prioritaire soort,Animalia
Provinciaal belangrijke soorten - Limburg,Corvus corax,Vogels,Corvus corax,NULL,Raaf,PBS,Provinciaal belangrijke soorten,PS,Prioritaire soort,Animalia
Provinciaal belangrijke soorten - Limburg,Crex crex,Vogels,Crex crex,NULL,Kwartelkoning,PBS,Provinciaal belangrijke soorten,PS,Prioritaire soort,Animalia
Provinciaal belangrijke soorten - Limburg,Cyanecula svecica,Vogels,Luscinia svecica,NULL,Blauwborst,PBS,Provinciaal belangrijke soorten,PS,Prioritaire soort,Animalia
Provinciaal belangrijke soorten - Limburg,Falco peregrinus,Vogels,Falco peregrinus,NULL,Slechtvalk,PBS,Provinciaal belangrijke soorten,PS,Prioritaire soort,Animalia
Provinciaal belangrijke soorten - Limburg,Grus grus,Vogels,Grus grus,NULL,Kraanvogel,PBS,Provinciaal belangrijke soorten,PS,Prioritaire soort,Animalia
Provinciaal belangrijke soorten - Limburg,Leiopicus medius,Vogels,Dendrocoptes medius,NULL,Middelste bonte specht,PBS,Provinciaal belangrijke soorten,PS,Prioritaire soort,Animalia
Provinciaal belangrijke soorten - Limburg,Loxia curvirostra,Vogels,Loxia curvirostra,NULL,Kruisbek,PBS,Provinciaal belangrijke soorten,PS,Prioritaire soort,Animalia
Provinciaal belangrijke soorten - Limburg,Luscinia megarhynchos,Vogels,Luscinia megarhynchos,NULL,Nachtegaal,PBS,Provinciaal belangrijke soorten,HS,Habitattypische soort,Animalia
Provinciaal belangrijke soorten - Limburg,Milvus milvus,Vogels,Milvus milvus,NULL,Rode wouw,PBS,Provinciaal belangrijke soorten,PS,Prioritaire soort,Animalia
Provinciaal belangrijke soorten - Limburg,Numenius arquata,Vogels,Numenius arquata,NULL,Wulp,PBS,Provinciaal belangrijke soorten,PS,Prioritaire soort,Animalia
Provinciaal belangrijke soorten - Limburg,Oenanthe oenanthe,Vogels,Oenanthe oenanthe,NULL,Tapuit,PBS,Provinciaal belangrijke soorten,HS,Habitattypische soort,Animalia
Provinciaal belangrijke soorten - Limburg,Oriolus oriolus,Vogels,Oriolus oriolus,NULL,Wielewaal,PBS,Provinciaal belangrijke soorten,HS,Habitattypische soort,Animalia
Provinciaal belangrijke soorten - Limburg,Parus montanus,Vogels,Poecile montanus,NULL,Matkop,PBS,Provinciaal belangrijke soorten,HS,Habitattypische soort,Animalia
Provinciaal belangrijke soorten - Limburg,Phylloscopus sibilatrix,Vogels,Phylloscopus sibilatrix,NULL,Fluiter,PBS,Provinciaal belangrijke soorten,HS,Habitattypische soort,Animalia
Provinciaal belangrijke soorten - Limburg,Platalea leucorodia,Vogels,Platalea leucorodia,NULL,Lepelaar,PBS,Provinciaal belangrijke soorten,PS,Prioritaire soort,Animalia
Provinciaal belangrijke soorten - Limburg,Porzana porzana,Vogels,Porzana porzana,NULL,Porseleinhoen,PBS,Provinciaal belangrijke soorten,PS,Prioritaire soort,Animalia
Provinciaal belangrijke soorten - Limburg,Saxicola rubetra,Vogels,Saxicola rubetra,NULL,Paapje,PBS,Provinciaal belangrijke soorten,HS,Habitattypische soort,Animalia
Provinciaal belangrijke soorten - Limburg,Sterna hirundo,Vogels,Sterna hirundo,NULL,Visdief,PBS,Provinciaal belangrijke soorten,PS,Prioritaire soort,Animalia
Provinciaal belangrijke soorten - Limburg,Tringa totanus,Vogels,Tringa totanus,NULL,Tureluur,PBS,Provinciaal belangrijke soorten,HS,Habitattypische soort,Animalia
Provinciaal belangrijke soorten - Limburg,Apatura iris,Dagvlinders,Apatura iris,NULL,Grote weerschijnvlinder,PBS,Provinciaal belangrijke soorten,HS,Habitattypische soort,Animalia
Provinciaal belangrijke soorten - Limburg,Colias hyale,Dagvlinders,Colias hyale,NULL,Gele luzernevlinder,PBS,Provinciaal belangrijke soorten,PS,Prioritaire soort,Animalia
Provinciaal belangrijke soorten - Limburg,Issoria lathonia,Dagvlinders,Issoria lathonia,NULL,Kleine parelmoervlinder,PBS,Provinciaal belangrijke soorten,HS,Habitattypische soort,Animalia
Provinciaal belangrijke soorten - Limburg,Limenitis camilla,Dagvlinders,Limenitis camilla,NULL,Kleine ijsvogelvlinder,PBS,Provinciaal belangrijke soorten,HS,Habitattypische soort,Animalia
Provinciaal belangrijke soorten - Limburg,Pontia daplidice,Dagvlinders,Pontia daplidice,NULL,Resedawitje,PBS,Provinciaal belangrijke soorten,PS,Prioritaire soort,Animalia
Provinciaal belangrijke soorten - Limburg,Thymelicus sylvestris,Dagvlinders,Thymelicus sylvestris,NULL,Geelsprietdikkopje,PBS,Provinciaal belangrijke soorten,PS,Prioritaire soort,Animalia
Provinciaal belangrijke soorten - Limburg,Aeshna juncea,Libellen,Aeshna juncea,NULL,Venglazenmaker,PBS,Provinciaal belangrijke soorten,HS,Habitattypische soort,Animalia
Provinciaal belangrijke soorten - Limburg,Brachytron pratense,Libellen,Brachytron pratense,NULL,Glassnijder,PBS,Provinciaal belangrijke soorten,HS,Habitattypische soort,Animalia
Provinciaal belangrijke soorten - Limburg,Calopteryx splendens,Libellen,Calopteryx splendens,NULL,Weidebeekjuffer,PBS,Provinciaal belangrijke soorten,HS,Habitattypische soort,Animalia
Provinciaal belangrijke soorten - Limburg,Coenagrion lunulatum,Libellen,Coenagrion lunulatum,NULL,Maanwaterjuffer,PBS,Provinciaal belangrijke soorten,HS,Habitattypische soort,Animalia
Provinciaal belangrijke soorten - Limburg,Coenagrion pulchellum,Libellen,Coenagrion pulchellum,NULL,Variabele waterjuffer,PBS,Provinciaal belangrijke soorten,HS,Habitattypische soort,Animalia
Provinciaal belangrijke soorten - Limburg,Leucorrhinia caudalis,Libellen,Leucorrhinia caudalis,NULL,Sierlijke witsnuitlibel,PBS,Provinciaal belangrijke soorten,PS,Prioritaire soort,Animalia
Provinciaal belangrijke soorten - Limburg,Ophiogomphus cecilia,Libellen,Ophiogomphus cecilia,NULL,Gaffellibel,PBS,Provinciaal belangrijke soorten,PS,Prioritaire soort,Animalia
Provinciaal belangrijke soorten - Limburg,Somatochlora flavomaculata,Libellen,Somatochlora flavomaculata,NULL,Gevlekte glanslibel,PBS,Provinciaal belangrijke soorten,HS,Habitattypische soort,Animalia
Provinciaal belangrijke soorten - Limburg,Stylurus flavipes,Libellen,Stylurus flavipes,NULL,Rivierrombout,PBS,Provinciaal belangrijke soorten,PS,Prioritaire soort,Animalia
Provinciaal belangrijke soorten - Limburg,Sympetrum danae,Libellen,Sympetrum danae,NULL,Zwarte heidelibel,PBS,Provinciaal belangrijke soorten,PS,Prioritaire soort,Animalia
Provinciaal belangrijke soorten - Limburg,Sympetrum flaveolum,Libellen,Sympetrum flaveolum,NULL,Geelvlekheidelibel,PBS,Provinciaal belangrijke soorten,PS,Prioritaire soort,Animalia
Provinciaal belangrijke soorten - Limburg,Sympetrum pedemontanum,Libellen,Sympetrum pedemontanum,NULL,Bandheidelibel,PBS,Provinciaal belangrijke soorten,PS,Prioritaire soort,Animalia
Provinciaal belangrijke soorten - Limburg,Sympetrum vulgatum,Libellen,Sympetrum vulgatum,NULL,Steenrode heidelibel,PBS,Provinciaal belangrijke soorten,PS,Prioritaire soort,Animalia
Provinciaal belangrijke soorten - Limburg,Vertigo moulinsiana,Weekdieren,Vertigo moulinsiana,NULL,Zeggenkorfslak,PBS,Provinciaal belangrijke soorten,PS,Prioritaire soort,Animalia
Provinciaal belangrijke soorten - Limburg,Euplagia quadripunctaria,Nachtvlinders,Euplagia quadripunctaria,NULL,Spaanse vlag,PBS,Provinciaal belangrijke soorten,PS,Prioritaire soort,Animalia
Provinciaal belangrijke soorten - Limburg,Proserpinus proserpina,Nachtvlinders,Proserpinus proserpina,NULL,Teunisbloempijlstaart,PBS,Provinciaal belangrijke soorten,PS,Prioritaire soort,Animalia
Provinciaal belangrijke soorten - Limburg,Anas acuta,Vogels,Anas acuta,NULL,Pijlstaart,PBS,Provinciaal belangrijke soorten,PS,Prioritaire soort,Animalia
Provinciaal belangrijke soorten - Limburg,Anas crecca,Vogels,Anas crecca,NULL,Wintertaling,PBS,Provinciaal belangrijke soorten,PS,Prioritaire soort,Animalia
Provinciaal belangrijke soorten - Limburg,Anser albifrons,Vogels,Anser albifrons,NULL,Kolgans,PBS,Provinciaal belangrijke soorten,PS,Prioritaire soort,Animalia
Provinciaal belangrijke soorten - Limburg,Anser anser,Vogels,Anser anser,NULL,Grauwe gans,PBS,Provinciaal belangrijke soorten,PS,Prioritaire soort,Animalia
Provinciaal belangrijke soorten - Limburg,Anser serrirostris,Vogels,Anser serrirostris,NULL,Toendrarietgans,PBS,Provinciaal belangrijke soorten,PS,Prioritaire soort,Animalia
Provinciaal belangrijke soorten - Limburg,Aythya ferina,Vogels,Aythya ferina,NULL,Tafeleend,PBS,Provinciaal belangrijke soorten,PS,Prioritaire soort,Animalia
Provinciaal belangrijke soorten - Limburg,Aythya fuligula,Vogels,Aythya fuligula,NULL,Kuifeend,PBS,Provinciaal belangrijke soorten,PS,Prioritaire soort,Animalia
Provinciaal belangrijke soorten - Limburg,Calidris pugnax,Vogels,Calidris pugnax,NULL,Kemphaan,PBS,Provinciaal belangrijke soorten,PS,Prioritaire soort,Animalia
Provinciaal belangrijke soorten - Limburg,Casmerodius albus,Vogels,Ardea alba,NULL,Grote zilverreiger,PBS,Provinciaal belangrijke soorten,PS,Prioritaire soort,Animalia
Provinciaal belangrijke soorten - Limburg,Cygnus columbianus,Vogels,Cygnus columbianus,NULL,Kleine zwaan,PBS,Provinciaal belangrijke soorten,PS,Prioritaire soort,Animalia
Provinciaal belangrijke soorten - Limburg,Mareca penelope,Vogels,Mareca penelope,NULL,Smient,PBS,Provinciaal belangrijke soorten,PS,Prioritaire soort,Animalia
Provinciaal belangrijke soorten - Limburg,Mareca strepera,Vogels,Mareca strepera,NULL,Krakeend,PBS,Provinciaal belangrijke soorten,PS,Prioritaire soort,Animalia
Provinciaal belangrijke soorten - Limburg,Spatula clypeata,Vogels,Spatula clypeata,NULL,Slobeend,PBS,Provinciaal belangrijke soorten,PS,Prioritaire soort,Animalia
Provinciaal belangrijke soorten - Limburg,Anguis fragilis,Reptielen,Anguis fragilis,NULL,Hazelworm,PBS,Provinciaal belangrijke soorten,HS,Habitattypische soort,Animalia
Provinciaal belangrijke soorten - Limburg,Podarcis muralis,Reptielen,Podarcis muralis,NULL,Muurhagedis,PBS,Provinciaal belangrijke soorten,PS,Prioritaire soort,Animalia
Provinciaal belangrijke soorten - Limburg,Zootoca vivipara,Reptielen,Zootoca vivipara,NULL,Levendbarende hagedis,PBS,Provinciaal belangrijke soorten,HS,Habitattypische soort,Animalia
Provinciaal belangrijke soorten - Limburg,Cucujus cinnaberinus,Saproxyle kevers,Cucujus cinnaberinus,NULL,Vermiljoenkever,PBS,Provinciaal belangrijke soorten,PS,Prioritaire soort,Animalia
Provinciaal belangrijke soorten - Limburg,Lucanus cervus,Saproxyle kevers,Lucanus cervus,NULL,Vliegend hert,PBS,Provinciaal belangrijke soorten,PS,Prioritaire soort,Animalia
Provinciaal belangrijke soorten - Limburg,Dolomedes fimbriatus,Spinnen,Dolomedes fimbriatus,NULL,Gerande oeverspin,PBS,Provinciaal belangrijke soorten,PS,Prioritaire soort,Animalia
Provinciaal belangrijke soorten - Limburg,Eresus sandaliatus,Spinnen,Eresus sandaliatus,NULL,Lentevuurspin,PBS,Provinciaal belangrijke soorten,PS,Prioritaire soort,Animalia
Provinciaal belangrijke soorten - Limburg,Chorthippus mollis,Sprinkhanen,Chorthippus mollis,NULL,Snortikker,PBS,Provinciaal belangrijke soorten,HS,Habitattypische soort,Animalia
Provinciaal belangrijke soorten - Limburg,Metrioptera brachyptera,Sprinkhanen,Metrioptera brachyptera,NULL,Heidesabelsprinkhaan,PBS,Provinciaal belangrijke soorten,HS,Habitattypische soort,Animalia
Provinciaal belangrijke soorten - Limburg,Myrmeleotettix maculatus,Sprinkhanen,Myrmeleotettix maculatus,NULL,Knopsprietje,PBS,Provinciaal belangrijke soorten,HS,Habitattypische soort,Animalia
Provinciaal belangrijke soorten - Limburg,Oedipoda caerulescens,Sprinkhanen,Oedipoda caerulescens,NULL,Blauwvleugelsprinkhaan,PBS,Provinciaal belangrijke soorten,HS,Habitattypische soort,Animalia
Provinciaal belangrijke soorten - Limburg,Omocestus rufipes,Sprinkhanen,Omocestus rufipes,NULL,Zwart wekkertje,PBS,Provinciaal belangrijke soorten,HS,Habitattypische soort,Animalia
Provinciaal belangrijke soorten - Limburg,Omocestus viridulus,Sprinkhanen,Omocestus viridulus,NULL,Wekkertje,PBS,Provinciaal belangrijke soorten,HS,Habitattypische soort,Animalia
Provinciaal belangrijke soorten - Limburg,Stethophyma grossum,Sprinkhanen,Stethophyma grossum,NULL,Moerassprinkhaan,PBS,Provinciaal belangrijke soorten,HS,Habitattypische soort,Animalia
Provinciaal belangrijke soorten - Limburg,Actaea spicata,Vaatplanten,Actaea spicata,L.,Christoffelkruid,PBS,Provinciaal belangrijke soorten,PS,Prioritaire soort,Plantae
Provinciaal belangrijke soorten - Limburg,Alisma gramineum,Vaatplanten,Alisma gramineum,Lej.,Smalle waterweegbree,PBS,Provinciaal belangrijke soorten,PS,Prioritaire soort,Plantae
Provinciaal belangrijke soorten - Limburg,Allium oleraceum,Vaatplanten,Allium oleraceum,L.,Moeslook,PBS,Provinciaal belangrijke soorten,PS,Prioritaire soort,Plantae
Provinciaal belangrijke soorten - Limburg,Allium scorodoprasum,Vaatplanten,Allium scorodoprasum,L.,Slangenlook,PBS,Provinciaal belangrijke soorten,PS,Prioritaire soort,Plantae
Provinciaal belangrijke soorten - Limburg,Andromeda polifolia,Vaatplanten,Andromeda polifolia,L.,Lavendelhei,PBS,Provinciaal belangrijke soorten,PS,Prioritaire soort,Plantae
Provinciaal belangrijke soorten - Limburg,Anemone ranunculoides,Vaatplanten,Anemone ranunculoides,L.,Gele anemoon,PBS,Provinciaal belangrijke soorten,PS,Prioritaire soort,Plantae
Provinciaal belangrijke soorten - Limburg,Anthemis arvensis,Vaatplanten,Anthemis arvensis,L.,Valse kamille,PBS,Provinciaal belangrijke soorten,PS,Prioritaire soort,Plantae
Provinciaal belangrijke soorten - Limburg,Anthyllis vulneraria,Vaatplanten,Anthyllis vulneraria,L.,Wondklaver,PBS,Provinciaal belangrijke soorten,PS,Prioritaire soort,Plantae
Provinciaal belangrijke soorten - Limburg,Apium inundatum,Vaatplanten,Apium inundatum,(L.) Reichenb. f.,Ondergedoken moerasscherm,PBS,Provinciaal belangrijke soorten,HS,Habitattypische soort,Plantae
Provinciaal belangrijke soorten - Limburg,Apium repens,Vaatplanten,Apium repens,(Jacq.) Lag.,Kruipend moerasscherm,PBS,Provinciaal belangrijke soorten,PS,Prioritaire soort,Plantae
Provinciaal belangrijke soorten - Limburg,Arabis glabra,Vaatplanten,Arabis glabra,(L.) Bernh.,Torenkruid,PBS,Provinciaal belangrijke soorten,PS,Prioritaire soort,Plantae
Provinciaal belangrijke soorten - Limburg,Arctium tomentosum,Vaatplanten,Arctium tomentosum,Mill.,Donzige klit,PBS,Provinciaal belangrijke soorten,PS,Prioritaire soort,Plantae
Provinciaal belangrijke soorten - Limburg,Arum maculatum,Vaatplanten,Arum maculatum,L.,Gevlekte aronskelk,PBS,Provinciaal belangrijke soorten,HS,Habitattypische soort,Plantae
Provinciaal belangrijke soorten - Limburg,Avenula pubescens,Vaatplanten,Avenula pubescens,(Huds.) Dum.,Zachte haver,PBS,Provinciaal belangrijke soorten,HS,Habitattypische soort,Plantae
Provinciaal belangrijke soorten - Limburg,Botrychium lunaria,Vaatplanten,Botrychium lunaria,(L.) Swartz,Gelobde maanvaren,PBS,Provinciaal belangrijke soorten,PS,Prioritaire soort,Plantae
Provinciaal belangrijke soorten - Limburg,Brachypodium sylvaticum,Vaatplanten,Brachypodium sylvaticum,(Huds.) Beauv.,Boskortsteel,PBS,Provinciaal belangrijke soorten,HS,Habitattypische soort,Plantae
Provinciaal belangrijke soorten - Limburg,Briza media,Vaatplanten,Briza media,L.,Bevertjes,PBS,Provinciaal belangrijke soorten,PS,Prioritaire soort,Plantae
Provinciaal belangrijke soorten - Limburg,Calla palustris,Vaatplanten,Calla palustris,L.,Slangenwortel,PBS,Provinciaal belangrijke soorten,HS,Habitattypische soort,Plantae
Provinciaal belangrijke soorten - Limburg,Calluna vulgaris,Vaatplanten,Calluna vulgaris,(L.) Hull,Struikhei,PBS,Provinciaal belangrijke soorten,HS,Habitattypische soort,Plantae
Provinciaal belangrijke soorten - Limburg,Campanula rapunculus,Vaatplanten,Campanula rapunculus,L.,Rapunzelklokje,PBS,Provinciaal belangrijke soorten,HS,Habitattypische soort,Plantae
Provinciaal belangrijke soorten - Limburg,Campanula trachelium,Vaatplanten,Campanula trachelium,L.,Ruig klokje,PBS,Provinciaal belangrijke soorten,HS,Habitattypische soort,Plantae
Provinciaal belangrijke soorten - Limburg,Carex bohemica,Vaatplanten,Carex bohemica,Schreb.,Cyperzegge,PBS,Provinciaal belangrijke soorten,PS,Prioritaire soort,Plantae
Provinciaal belangrijke soorten - Limburg,Carex canescens,Vaatplanten,Carex canescens,L.,Zompzegge,PBS,Provinciaal belangrijke soorten,HS,Habitattypische soort,Plantae
Provinciaal belangrijke soorten - Limburg,Carex elongata,Vaatplanten,Carex elongata,L.,Elzenzegge,PBS,Provinciaal belangrijke soorten,HS,Habitattypische soort,Plantae
Provinciaal belangrijke soorten - Limburg,Carex hostiana,Vaatplanten,Carex hostiana,DC.,Blonde zegge,PBS,Provinciaal belangrijke soorten,PS,Prioritaire soort,Plantae
Provinciaal belangrijke soorten - Limburg,Carex lasiocarpa,Vaatplanten,Carex lasiocarpa,Ehrh.,Draadzegge,PBS,Provinciaal belangrijke soorten,HS,Habitattypische soort,Plantae
Provinciaal belangrijke soorten - Limburg,Carex lepidocarpa,Vaatplanten,Carex lepidocarpa,Tausch,Schubzegge,PBS,Provinciaal belangrijke soorten,PS,Prioritaire soort,Plantae
Provinciaal belangrijke soorten - Limburg,Carex limosa,Vaatplanten,Carex limosa,L.,Slijkzegge,PBS,Provinciaal belangrijke soorten,PS,Prioritaire soort,Plantae
Provinciaal belangrijke soorten - Limburg,Carex pilulifera,Vaatplanten,Carex pilulifera,L.,Pilzegge,PBS,Provinciaal belangrijke soorten,HS,Habitattypische soort,Plantae
Provinciaal belangrijke soorten - Limburg,Carex rostrata,Vaatplanten,Carex rostrata,Stokes,Snavelzegge,PBS,Provinciaal belangrijke soorten,HS,Habitattypische soort,Plantae
Provinciaal belangrijke soorten - Limburg,Carex viridula s.l.,Vaatplanten,Carex viridula,s.l.,Dwergzegge groep,PBS,Provinciaal belangrijke soorten,PS,Prioritaire soort,Plantae
Provinciaal belangrijke soorten - Limburg,Carex vulpina,Vaatplanten,Carex vulpina,L.,Voszegge,PBS,Provinciaal belangrijke soorten,PS,Prioritaire soort,Plantae
Provinciaal belangrijke soorten - Limburg,Carlina vulgaris,Vaatplanten,Carlina vulgaris,L.,Driedistel,PBS,Provinciaal belangrijke soorten,PS,Prioritaire soort,Plantae
Provinciaal belangrijke soorten - Limburg,Carum verticillatum,Vaatplanten,Carum verticillatum,(L.) Koch,Kranskarwij,PBS,Provinciaal belangrijke soorten,HS,Habitattypische soort,Plantae
Provinciaal belangrijke soorten - Limburg,Centaurea calcitrapa,Vaatplanten,Centaurea calcitrapa,L.,Kalketrip,PBS,Provinciaal belangrijke soorten,PS,Prioritaire soort,Plantae
Provinciaal belangrijke soorten - Limburg,Centaurea jacea,Vaatplanten,Centaurea jacea,L.,Knoopkruid s.l.,PBS,Provinciaal belangrijke soorten,HS,Habitattypische soort,Plantae
Provinciaal belangrijke soorten - Limburg,Cephalanthera damasonium,Vaatplanten,Cephalanthera damasonium,(Mill.) Druce,Bleek bosvogeltje,PBS,Provinciaal belangrijke soorten,HS,Habitattypische soort,Plantae
Provinciaal belangrijke soorten - Limburg,Cicuta virosa,Vaatplanten,Cicuta virosa,L.,Waterscheerling,PBS,Provinciaal belangrijke soorten,PS,Prioritaire soort,Plantae
Provinciaal belangrijke soorten - Limburg,Coeloglossum viride,Vaatplanten,Coeloglossum viride,(L.) Hartm.,Groene nachtorchis,PBS,Provinciaal belangrijke soorten,PS,Prioritaire soort,Plantae
Provinciaal belangrijke soorten - Limburg,Comarum palustre,Vaatplanten,Comarum palustre,L.,Wateraardbei,PBS,Provinciaal belangrijke soorten,HS,Habitattypische soort,Plantae
Provinciaal belangrijke soorten - Limburg,Convallaria majalis,Vaatplanten,Convallaria majalis,L.,Lelietje-van-dalen,PBS,Provinciaal belangrijke soorten,HS,Habitattypische soort,Plantae
Provinciaal belangrijke soorten - Limburg,Corynephorus canescens,Vaatplanten,Corynephorus canescens,(L.) Beauv.,Buntgras,PBS,Provinciaal belangrijke soorten,HS,Habitattypische soort,Plantae
Provinciaal belangrijke soorten - Limburg,Crataegus rhipidophylla,Vaatplanten,Crataegus rhipidophylla,Gandoger,Koraalmeidoorn,PBS,Provinciaal belangrijke soorten,PS,Prioritaire soort,Plantae
Provinciaal belangrijke soorten - Limburg,Crepis biennis,Vaatplanten,Crepis biennis,L.,Groot streepzaad,PBS,Provinciaal belangrijke soorten,HS,Habitattypische soort,Plantae
Provinciaal belangrijke soorten - Limburg,Crepis foetida,Vaatplanten,Crepis foetida,L.,Stinkend streepzaad,PBS,Provinciaal belangrijke soorten,PS,Prioritaire soort,Plantae
Provinciaal belangrijke soorten - Limburg,Cuscuta epithymum,Vaatplanten,Cuscuta epithymum,(L.) L.,Klein warkruid,PBS,Provinciaal belangrijke soorten,PS,Prioritaire soort,Plantae
Provinciaal belangrijke soorten - Limburg,Cuscuta europaea,Vaatplanten,Cuscuta europaea,L.,Groot warkruid,PBS,Provinciaal belangrijke soorten,HS,Habitattypische soort,Plantae
Provinciaal belangrijke soorten - Limburg,Dactylorhiza maculata,Vaatplanten,Dactylorhiza maculata,(L.) Soó,Gevlekte orchis,PBS,Provinciaal belangrijke soorten,PS,Prioritaire soort,Plantae
Provinciaal belangrijke soorten - Limburg,Dactylorhiza sphagnicola,Vaatplanten,Dactylorhiza sphagnicola,(Höppner) Averyanov,Veenorchis,PBS,Provinciaal belangrijke soorten,HS,Habitattypische soort,Plantae
Provinciaal belangrijke soorten - Limburg,Danthonia decumbens,Vaatplanten,Danthonia decumbens,(L.) DC.,Tandjesgras,PBS,Provinciaal belangrijke soorten,HS,Habitattypische soort,Plantae
Provinciaal belangrijke soorten - Limburg,Deschampsia setacea,Vaatplanten,Deschampsia setacea,(Huds.) Hack.,Moerassmele,PBS,Provinciaal belangrijke soorten,PS,Prioritaire soort,Plantae
Provinciaal belangrijke soorten - Limburg,Digitalis purpurea,Vaatplanten,Digitalis purpurea,L.,Vingerhoedskruid,PBS,Provinciaal belangrijke soorten,HS,Habitattypische soort,Plantae
Provinciaal belangrijke soorten - Limburg,Diphasiastrum tristachyum,Vaatplanten,Diphasiastrum tristachyum,(Pursh) Holub,Kleine wolfsklauw,PBS,Provinciaal belangrijke soorten,PS,Prioritaire soort,Plantae
Provinciaal belangrijke soorten - Limburg,Drosera intermedia,Vaatplanten,Drosera intermedia,Hayne,Kleine zonnedauw,PBS,Provinciaal belangrijke soorten,HS,Habitattypische soort,Plantae
Provinciaal belangrijke soorten - Limburg,Drosera rotundifolia,Vaatplanten,Drosera rotundifolia,L.,Ronde zonnedauw,PBS,Provinciaal belangrijke soorten,PS,Prioritaire soort,Plantae
Provinciaal belangrijke soorten - Limburg,Dryopteris cristata,Vaatplanten,Dryopteris cristata,(L.) A. Gray,Kamvaren,PBS,Provinciaal belangrijke soorten,HS,Habitattypische soort,Plantae
Provinciaal belangrijke soorten - Limburg,Elatine hexandra,Vaatplanten,Elatine hexandra,(Lapierre) DC.,Gesteeld glaskroos,PBS,Provinciaal belangrijke soorten,HS,Habitattypische soort,Plantae
Provinciaal belangrijke soorten - Limburg,Elatine hydropiper,Vaatplanten,Elatine hydropiper,L.,Klein glaskroos,PBS,Provinciaal belangrijke soorten,HS,Habitattypische soort,Plantae
Provinciaal belangrijke soorten - Limburg,Elatine triandra,Vaatplanten,Elatine triandra,Schkuhr,Drietallig glaskroos,PBS,Provinciaal belangrijke soorten,HS,Habitattypische soort,Plantae
Provinciaal belangrijke soorten - Limburg,Eleocharis acicularis,Vaatplanten,Eleocharis acicularis,(L.) Roem. et Schult.,Naaldwaterbies,PBS,Provinciaal belangrijke soorten,HS,Habitattypische soort,Plantae
Provinciaal belangrijke soorten - Limburg,Eleocharis ovata,Vaatplanten,Eleocharis ovata,(Roth) Roem. et Schult.,Eivormige waterbies,PBS,Provinciaal belangrijke soorten,HS,Habitattypische soort,Plantae
Provinciaal belangrijke soorten - Limburg,Eleocharis quinqueflora,Vaatplanten,Eleocharis quinqueflora,(F.X. Hartm.) O. Schwartz,Armbloemige waterbies,PBS,Provinciaal belangrijke soorten,HS,Habitattypische soort,Plantae
Provinciaal belangrijke soorten - Limburg,Epipactis atrorubens,Vaatplanten,Epipactis atrorubens,(Hoffmann) Besser,Bruinrode wespenorchis,PBS,Provinciaal belangrijke soorten,PS,Prioritaire soort,Plantae
Provinciaal belangrijke soorten - Limburg,Erica cinerea,Vaatplanten,Erica cinerea,L.,Rode dophei,PBS,Provinciaal belangrijke soorten,PS,Prioritaire soort,Plantae
Provinciaal belangrijke soorten - Limburg,Erica tetralix,Vaatplanten,Erica tetralix,L.,Gewone dophei,PBS,Provinciaal belangrijke soorten,HS,Habitattypische soort,Plantae
Provinciaal belangrijke soorten - Limburg,Erigeron acer,Vaatplanten,Erigeron acer,L.,Scherpe fijnstraal,PBS,Provinciaal belangrijke soorten,PS,Prioritaire soort,Plantae
Provinciaal belangrijke soorten - Limburg,Eriophorum angustifolium,Vaatplanten,Eriophorum angustifolium,Honck.,Veenpluis,PBS,Provinciaal belangrijke soorten,PS,Prioritaire soort,Plantae
Provinciaal belangrijke soorten - Limburg,Eriophorum vaginatum,Vaatplanten,Eriophorum vaginatum,L.,Eenarig wollegras,PBS,Provinciaal belangrijke soorten,HS,Habitattypische soort,Plantae
Provinciaal belangrijke soorten - Limburg,Eryngium campestre,Vaatplanten,Eryngium campestre,L.,Kruisdistel,PBS,Provinciaal belangrijke soorten,HS,Habitattypische soort,Plantae
Provinciaal belangrijke soorten - Limburg,Euphorbia exigua,Vaatplanten,Euphorbia exigua,L.,Kleine wolfsmelk,PBS,Provinciaal belangrijke soorten,PS,Prioritaire soort,Plantae
Provinciaal belangrijke soorten - Limburg,Filago lutescens,Vaatplanten,Filago lutescens,Jord.,Geel viltkruid,PBS,Provinciaal belangrijke soorten,PS,Prioritaire soort,Plantae
Provinciaal belangrijke soorten - Limburg,Filago minima,Vaatplanten,Filago minima,(Smith) Pers.,Dwergviltkruid,PBS,Provinciaal belangrijke soorten,PS,Prioritaire soort,Plantae
Provinciaal belangrijke soorten - Limburg,Filago vulgaris,Vaatplanten,Filago vulgaris,Lam.,Duits viltkruid,PBS,Provinciaal belangrijke soorten,PS,Prioritaire soort,Plantae
Provinciaal belangrijke soorten - Limburg,Fragaria moschata,Vaatplanten,Fragaria moschata,Weston,Grote bosaardbei,PBS,Provinciaal belangrijke soorten,PS,Prioritaire soort,Plantae
Provinciaal belangrijke soorten - Limburg,Fumaria vaillantii,Vaatplanten,Fumaria vaillantii,Loisel.,Roze duivenkervel,PBS,Provinciaal belangrijke soorten,PS,Prioritaire soort,Plantae
Provinciaal belangrijke soorten - Limburg,Galeopsis segetum,Vaatplanten,Galeopsis segetum,Neck.,Bleekgele hennepnetel,PBS,Provinciaal belangrijke soorten,PS,Prioritaire soort,Plantae
Provinciaal belangrijke soorten - Limburg,Galium mollugo,Vaatplanten,Galium mollugo,L.,Glad walstro,PBS,Provinciaal belangrijke soorten,HS,Habitattypische soort,Plantae
Provinciaal belangrijke soorten - Limburg,Galium saxatile,Vaatplanten,Galium saxatile,L.,Liggend walstro,PBS,Provinciaal belangrijke soorten,HS,Habitattypische soort,Plantae
Provinciaal belangrijke soorten - Limburg,Genista anglica,Vaatplanten,Genista anglica,L.,Stekelbrem,PBS,Provinciaal belangrijke soorten,HS,Habitattypische soort,Plantae
Provinciaal belangrijke soorten - Limburg,Genista pilosa,Vaatplanten,Genista pilosa,L.,Kruipbrem,PBS,Provinciaal belangrijke soorten,PS,Prioritaire soort,Plantae
Provinciaal belangrijke soorten - Limburg,Genista tinctoria,Vaatplanten,Genista tinctoria,L.,Verfbrem,PBS,Provinciaal belangrijke soorten,PS,Prioritaire soort,Plantae
Provinciaal belangrijke soorten - Limburg,Gentiana pneumonanthe,Vaatplanten,Gentiana pneumonanthe,L.,Klokjesgentiaan,PBS,Provinciaal belangrijke soorten,PS,Prioritaire soort,Plantae
Provinciaal belangrijke soorten - Limburg,Geranium palustre,Vaatplanten,Geranium palustre,L.,Moerasooievaarsbek,PBS,Provinciaal belangrijke soorten,PS,Prioritaire soort,Plantae
Provinciaal belangrijke soorten - Limburg,Gratiola officinalis,Vaatplanten,Gratiola officinalis,L.,Genadekruid,PBS,Provinciaal belangrijke soorten,PS,Prioritaire soort,Plantae
Provinciaal belangrijke soorten - Limburg,Hieracium lachenalii,Vaatplanten,Hieracium lachenalii,C.C. Gmel.,Dicht havikskruid,PBS,Provinciaal belangrijke soorten,PS,Prioritaire soort,Plantae
Provinciaal belangrijke soorten - Limburg,Hieracium lactucella,Vaatplanten,Hieracium lactucella,Wallr.,Spits havikskruid,PBS,Provinciaal belangrijke soorten,PS,Prioritaire soort,Plantae
Provinciaal belangrijke soorten - Limburg,Hydrocharis morsus-ranae,Vaatplanten,Hydrocharis morsus-ranae,L.,Kikkerbeet,PBS,Provinciaal belangrijke soorten,PS,Prioritaire soort,Plantae
Provinciaal belangrijke soorten - Limburg,Hypericum elodes,Vaatplanten,Hypericum elodes,L.,Moerashertshooi,PBS,Provinciaal belangrijke soorten,HS,Habitattypische soort,Plantae
Provinciaal belangrijke soorten - Limburg,Hypericum montanum,Vaatplanten,Hypericum montanum,L.,Berghertshooi,PBS,Provinciaal belangrijke soorten,PS,Prioritaire soort,Plantae
Provinciaal belangrijke soorten - Limburg,Ilex aquifolium,Vaatplanten,Ilex aquifolium,L.,Hulst,PBS,Provinciaal belangrijke soorten,HS,Habitattypische soort,Plantae
Provinciaal belangrijke soorten - Limburg,Inula britannica,Vaatplanten,Inula britannica,L.,Engelse alant,PBS,Provinciaal belangrijke soorten,PS,Prioritaire soort,Plantae
Provinciaal belangrijke soorten - Limburg,Isolepis fluitans,Vaatplanten,Isolepis fluitans,(L.) R. Brown,Vlottende bies,PBS,Provinciaal belangrijke soorten,HS,Habitattypische soort,Plantae
Provinciaal belangrijke soorten - Limburg,Juncus filiformis,Vaatplanten,Juncus filiformis,L.,Draadrus,PBS,Provinciaal belangrijke soorten,HS,Habitattypische soort,Plantae
Provinciaal belangrijke soorten - Limburg,Juncus squarrosus,Vaatplanten,Juncus squarrosus,L.,Trekrus,PBS,Provinciaal belangrijke soorten,HS,Habitattypische soort,Plantae
Provinciaal belangrijke soorten - Limburg,Juncus tenageia,Vaatplanten,Juncus tenageia,L. f.,Wijdbloeiende rus,PBS,Provinciaal belangrijke soorten,PS,Prioritaire soort,Plantae
Provinciaal belangrijke soorten - Limburg,Juniperus communis,Vaatplanten,Juniperus communis,L.,Jeneverbes,PBS,Provinciaal belangrijke soorten,PS,Prioritaire soort,Plantae
Provinciaal belangrijke soorten - Limburg,Knautia arvensis,Vaatplanten,Knautia arvensis,(L.) Coulter,Beemdkroon,PBS,Provinciaal belangrijke soorten,HS,Habitattypische soort,Plantae
Provinciaal belangrijke soorten - Limburg,Lathyrus linifolius,Vaatplanten,Lathyrus linifolius,(Reichard) Bässler,Knollathyrus,PBS,Provinciaal belangrijke soorten,PS,Prioritaire soort,Plantae
Provinciaal belangrijke soorten - Limburg,Leontodon hispidus,Vaatplanten,Leontodon hispidus,L.,Ruige leeuwentand,PBS,Provinciaal belangrijke soorten,HS,Habitattypische soort,Plantae
Provinciaal belangrijke soorten - Limburg,Leucanthemum vulgare,Vaatplanten,Leucanthemum vulgare,Lam.,Margriet,PBS,Provinciaal belangrijke soorten,HS,Habitattypische soort,Plantae
Provinciaal belangrijke soorten - Limburg,Linum catharticum,Vaatplanten,Linum catharticum,L.,Geelhartje,PBS,Provinciaal belangrijke soorten,PS,Prioritaire soort,Plantae
Provinciaal belangrijke soorten - Limburg,Lobelia dortmanna,Vaatplanten,Lobelia dortmanna,L.,Waterlobelia,PBS,Provinciaal belangrijke soorten,PS,Prioritaire soort,Plantae
Provinciaal belangrijke soorten - Limburg,Lonicera periclymenum,Vaatplanten,Lonicera periclymenum,L.,Wilde kamperfoelie,PBS,Provinciaal belangrijke soorten,HS,Habitattypische soort,Plantae
Provinciaal belangrijke soorten - Limburg,Luronium natans,Vaatplanten,Luronium natans,(L.) Rafin.,Drijvende waterweegbree,PBS,Provinciaal belangrijke soorten,PS,Prioritaire soort,Plantae
Provinciaal belangrijke soorten - Limburg,Luzula luzuloides,Vaatplanten,Luzula luzuloides,(Lam.) Dandy et Wilmott,Witte veldbies,PBS,Provinciaal belangrijke soorten,HS,Habitattypische soort,Plantae
Provinciaal belangrijke soorten - Limburg,Luzula multiflora,Vaatplanten,Luzula multiflora,(Ehrh.) Lej.,Veelbloemige veldbies,PBS,Provinciaal belangrijke soorten,HS,Habitattypische soort,Plantae
Provinciaal belangrijke soorten - Limburg,Lycopodiella inundata,Vaatplanten,Lycopodiella inundata,(L.) Holub,Moeraswolfsklauw,PBS,Provinciaal belangrijke soorten,HS,Habitattypische soort,Plantae
Provinciaal belangrijke soorten - Limburg,Lycopodium clavatum,Vaatplanten,Lycopodium clavatum,L.,Grote wolfsklauw,PBS,Provinciaal belangrijke soorten,PS,Prioritaire soort,Plantae
Provinciaal belangrijke soorten - Limburg,Melampyrum pratense,Vaatplanten,Melampyrum pratense,L.,Hengel,PBS,Provinciaal belangrijke soorten,HS,Habitattypische soort,Plantae
Provinciaal belangrijke soorten - Limburg,Mentha pulegium,Vaatplanten,Mentha pulegium,L.,Polei,PBS,Provinciaal belangrijke soorten,PS,Prioritaire soort,Plantae
Provinciaal belangrijke soorten - Limburg,Menyanthes trifoliata,Vaatplanten,Menyanthes trifoliata,L.,Waterdrieblad,PBS,Provinciaal belangrijke soorten,PS,Prioritaire soort,Plantae
Provinciaal belangrijke soorten - Limburg,Minuartia hybrida,Vaatplanten,Minuartia hybrida,(Vill.) Schischkin,Tengere veldmuur,PBS,Provinciaal belangrijke soorten,PS,Prioritaire soort,Plantae
Provinciaal belangrijke soorten - Limburg,Myrica gale,Vaatplanten,Myrica gale,L.,Wilde gagel,PBS,Provinciaal belangrijke soorten,HS,Habitattypische soort,Plantae
Provinciaal belangrijke soorten - Limburg,Myriophyllum verticillatum,Vaatplanten,Myriophyllum verticillatum,L.,Kransvederkruid,PBS,Provinciaal belangrijke soorten,HS,Habitattypische soort,Plantae
Provinciaal belangrijke soorten - Limburg,Nardus stricta,Vaatplanten,Nardus stricta,L.,Borstelgras,PBS,Provinciaal belangrijke soorten,HS,Habitattypische soort,Plantae
Provinciaal belangrijke soorten - Limburg,Narthecium ossifragum,Vaatplanten,Narthecium ossifragum,(L.) Huds.,Beenbreek,PBS,Provinciaal belangrijke soorten,PS,Prioritaire soort,Plantae
Provinciaal belangrijke soorten - Limburg,Neottia nidus-avis,Vaatplanten,Neottia nidus-avis,(L.) L.C.M. Rich.,Vogelnestje,PBS,Provinciaal belangrijke soorten,PS,Prioritaire soort,Plantae
Provinciaal belangrijke soorten - Limburg,Ononis spinosa,Vaatplanten,Ononis spinosa,L.,Kattendoorn,PBS,Provinciaal belangrijke soorten,PS,Prioritaire soort,Plantae
Provinciaal belangrijke soorten - Limburg,Ophrys insectifera,Vaatplanten,Ophrys insectifera,L.,Vliegenorchis,PBS,Provinciaal belangrijke soorten,PS,Prioritaire soort,Plantae
Provinciaal belangrijke soorten - Limburg,Orchis mascula,Vaatplanten,Orchis mascula,(L.) L.,Mannetjesorchis,PBS,Provinciaal belangrijke soorten,PS,Prioritaire soort,Plantae
Provinciaal belangrijke soorten - Limburg,Orchis purpurea,Vaatplanten,Orchis purpurea,Huds.,Purperorchis,PBS,Provinciaal belangrijke soorten,PS,Prioritaire soort,Plantae
Provinciaal belangrijke soorten - Limburg,Osmunda regalis,Vaatplanten,Osmunda regalis,L.,Koningsvaren,PBS,Provinciaal belangrijke soorten,HS,Habitattypische soort,Plantae
Provinciaal belangrijke soorten - Limburg,Oxalis acetosella,Vaatplanten,Oxalis acetosella,L.,Witte klaverzuring,PBS,Provinciaal belangrijke soorten,HS,Habitattypische soort,Plantae
Provinciaal belangrijke soorten - Limburg,Parnassia palustris,Vaatplanten,Parnassia palustris,L.,Parnassia,PBS,Provinciaal belangrijke soorten,HS,Habitattypische soort,Plantae
Provinciaal belangrijke soorten - Limburg,Pedicularis sylvatica,Vaatplanten,Pedicularis sylvatica,L.,Heidekartelblad,PBS,Provinciaal belangrijke soorten,HS,Habitattypische soort,Plantae
Provinciaal belangrijke soorten - Limburg,Peucedanum carvifolia,Vaatplanten,Peucedanum carvifolia,Vill.,Karwijvarkenskervel,PBS,Provinciaal belangrijke soorten,PS,Prioritaire soort,Plantae
Provinciaal belangrijke soorten - Limburg,Phegopteris connectilis,Vaatplanten,Phegopteris connectilis,(Michaux) Watt,Smalle beukvaren,PBS,Provinciaal belangrijke soorten,PS,Prioritaire soort,Plantae
Provinciaal belangrijke soorten - Limburg,Pilularia globulifera,Vaatplanten,Pilularia globulifera,L.,Pilvaren,PBS,Provinciaal belangrijke soorten,PS,Prioritaire soort,Plantae
Provinciaal belangrijke soorten - Limburg,Pimpinella major,Vaatplanten,Pimpinella major,(L.) Huds.,Grote bevernel,PBS,Provinciaal belangrijke soorten,HS,Habitattypische soort,Plantae
Provinciaal belangrijke soorten - Limburg,Platanthera bifolia,Vaatplanten,Platanthera bifolia,(L.) L.C.M. Rich.,Welriekende nachtorchis,PBS,Provinciaal belangrijke soorten,HS,Habitattypische soort,Plantae
Provinciaal belangrijke soorten - Limburg,Platanthera chlorantha,Vaatplanten,Platanthera chlorantha,(Cust.) Reichenb.,Bergnachtorchis,PBS,Provinciaal belangrijke soorten,PS,Prioritaire soort,Plantae
Provinciaal belangrijke soorten - Limburg,Polygala serpyllifolia,Vaatplanten,Polygala serpyllifolia,Hose,Liggende vleugeltjesbloem,PBS,Provinciaal belangrijke soorten,PS,Prioritaire soort,Plantae
Provinciaal belangrijke soorten - Limburg,Populus nigra var. nigra,Vaatplanten,Populus nigra L. var. nigra,NULL,Zwarte populier var. nigra,PBS,Provinciaal belangrijke soorten,PS,Prioritaire soort,Plantae
Provinciaal belangrijke soorten - Limburg,Potamogeton acutifolius,Vaatplanten,Potamogeton acutifolius,Link,Spits fonteinkruid,PBS,Provinciaal belangrijke soorten,HS,Habitattypische soort,Plantae
Provinciaal belangrijke soorten - Limburg,Potamogeton friesii,Vaatplanten,Potamogeton friesii,Rupr.,Puntig fonteinkruid,PBS,Provinciaal belangrijke soorten,PS,Prioritaire soort,Plantae
Provinciaal belangrijke soorten - Limburg,Potamogeton gramineus,Vaatplanten,Potamogeton gramineus,L.,Ongelijkbladig fonteinkruid,PBS,Provinciaal belangrijke soorten,PS,Prioritaire soort,Plantae
Provinciaal belangrijke soorten - Limburg,Potamogeton lucens,Vaatplanten,Potamogeton lucens,L.,Glanzig fonteinkruid,PBS,Provinciaal belangrijke soorten,HS,Habitattypische soort,Plantae
Provinciaal belangrijke soorten - Limburg,Potamogeton nodosus,Vaatplanten,Potamogeton nodosus,Poiret,Rivierfonteinkruid,PBS,Provinciaal belangrijke soorten,HS,Habitattypische soort,Plantae
Provinciaal belangrijke soorten - Limburg,Potamogeton perfoliatus,Vaatplanten,Potamogeton perfoliatus,L.,Doorgroeid fonteinkruid,PBS,Provinciaal belangrijke soorten,HS,Habitattypische soort,Plantae
Provinciaal belangrijke soorten - Limburg,Potentilla neumanniana,Vaatplanten,Potentilla neumanniana,Reichenb.,Voorjaarsganzerik,PBS,Provinciaal belangrijke soorten,HS,Habitattypische soort,Plantae
Provinciaal belangrijke soorten - Limburg,Potentilla supina,Vaatplanten,Potentilla supina,L.,Liggende ganzerik,PBS,Provinciaal belangrijke soorten,PS,Prioritaire soort,Plantae
Provinciaal belangrijke soorten - Limburg,Primula veris,Vaatplanten,Primula veris,L.,Gulden sleutelbloem,PBS,Provinciaal belangrijke soorten,HS,Habitattypische soort,Plantae
Provinciaal belangrijke soorten - Limburg,Pteridium aquilinum,Vaatplanten,Pteridium aquilinum,(L.) Kuhn,Adelaarsvaren,PBS,Provinciaal belangrijke soorten,HS,Habitattypische soort,Plantae
Provinciaal belangrijke soorten - Limburg,Pulicaria vulgaris,Vaatplanten,Pulicaria vulgaris,Gaertn.,Klein vlooienkruid,PBS,Provinciaal belangrijke soorten,PS,Prioritaire soort,Plantae
Provinciaal belangrijke soorten - Limburg,Pyrola minor,Vaatplanten,Pyrola minor,L.,Klein wintergroen,PBS,Provinciaal belangrijke soorten,PS,Prioritaire soort,Plantae
Provinciaal belangrijke soorten - Limburg,Radiola linoides,Vaatplanten,Radiola linoides,Roth,Dwergvlas,PBS,Provinciaal belangrijke soorten,HS,Habitattypische soort,Plantae
Provinciaal belangrijke soorten - Limburg,Ranunculus fluitans,Vaatplanten,Ranunculus fluitans,Lam.,Vlottende waterranonkel,PBS,Provinciaal belangrijke soorten,HS,Habitattypische soort,Plantae
Provinciaal belangrijke soorten - Limburg,Ranunculus ololeucos,Vaatplanten,Ranunculus ololeucos,Lloyd,Witte waterranonkel,PBS,Provinciaal belangrijke soorten,HS,Habitattypische soort,Plantae
Provinciaal belangrijke soorten - Limburg,Ranunculus serpens,Vaatplanten,Ranunculus serpens,Schrank,Bosboterbloem en kalkboterbloem,PBS,Provinciaal belangrijke soorten,PS,Prioritaire soort,Plantae
Provinciaal belangrijke soorten - Limburg,Rhinanthus alectorolophus,Vaatplanten,Rhinanthus alectorolophus,(Scop.) Pollich,Harige ratelaar,PBS,Provinciaal belangrijke soorten,PS,Prioritaire soort,Plantae
Provinciaal belangrijke soorten - Limburg,Rhinanthus minor,Vaatplanten,Rhinanthus minor,L.,Kleine ratelaar,PBS,Provinciaal belangrijke soorten,HS,Habitattypische soort,Plantae
Provinciaal belangrijke soorten - Limburg,Rhynchospora alba,Vaatplanten,Rhynchospora alba,(L.) Vahl,Witte snavelbies,PBS,Provinciaal belangrijke soorten,PS,Prioritaire soort,Plantae
Provinciaal belangrijke soorten - Limburg,Rhynchospora fusca,Vaatplanten,Rhynchospora fusca,(L.) Ait. f.,Bruine snavelbies,PBS,Provinciaal belangrijke soorten,PS,Prioritaire soort,Plantae
Provinciaal belangrijke soorten - Limburg,Rubus idaeus,Vaatplanten,Rubus idaeus,L.,Framboos,PBS,Provinciaal belangrijke soorten,HS,Habitattypische soort,Plantae
Provinciaal belangrijke soorten - Limburg,Salvia pratensis,Vaatplanten,Salvia pratensis,L.,Veldsalie,PBS,Provinciaal belangrijke soorten,HS,Habitattypische soort,Plantae
Provinciaal belangrijke soorten - Limburg,Sanguisorba officinalis,Vaatplanten,Sanguisorba officinalis,L.,Grote pimpernel,PBS,Provinciaal belangrijke soorten,HS,Habitattypische soort,Plantae
Provinciaal belangrijke soorten - Limburg,Saxifraga granulata,Vaatplanten,Saxifraga granulata,L.,Knolsteenbreek,PBS,Provinciaal belangrijke soorten,HS,Habitattypische soort,Plantae
Provinciaal belangrijke soorten - Limburg,Scirpoides holoschoenus,Vaatplanten,Scirpoides holoschoenus,(L.) Sojak,Kogelbies,PBS,Provinciaal belangrijke soorten,PS,Prioritaire soort,Plantae
Provinciaal belangrijke soorten - Limburg,Scleranthus perennis,Vaatplanten,Scleranthus perennis,L.,Overblijvende hardbloem,PBS,Provinciaal belangrijke soorten,PS,Prioritaire soort,Plantae
Provinciaal belangrijke soorten - Limburg,Scorzonera humilis,Vaatplanten,Scorzonera humilis,L.,Kleine schorseneer,PBS,Provinciaal belangrijke soorten,PS,Prioritaire soort,Plantae
Provinciaal belangrijke soorten - Limburg,Sedum sexangulare,Vaatplanten,Sedum sexangulare,L.,Zacht vetkruid,PBS,Provinciaal belangrijke soorten,HS,Habitattypische soort,Plantae
Provinciaal belangrijke soorten - Limburg,Sesleria caerulea,Vaatplanten,Sesleria caerulea,(L.) Ard.,Blauwgras,PBS,Provinciaal belangrijke soorten,PS,Prioritaire soort,Plantae
Provinciaal belangrijke soorten - Limburg,Sparganium angustifolium,Vaatplanten,Sparganium angustifolium,Michaux,Drijvende egelskop,PBS,Provinciaal belangrijke soorten,PS,Prioritaire soort,Plantae
Provinciaal belangrijke soorten - Limburg,Spergula morisonii,Vaatplanten,Spergula morisonii,Boreau,Heidespurrie,PBS,Provinciaal belangrijke soorten,HS,Habitattypische soort,Plantae
Provinciaal belangrijke soorten - Limburg,Stellaria nemorum,Vaatplanten,Stellaria nemorum,L.,Bosmuur,PBS,Provinciaal belangrijke soorten,HS,Habitattypische soort,Plantae
Provinciaal belangrijke soorten - Limburg,Succisa pratensis,Vaatplanten,Succisa pratensis,Moench,Blauwe knoop,PBS,Provinciaal belangrijke soorten,HS,Habitattypische soort,Plantae
Provinciaal belangrijke soorten - Limburg,Teesdalia nudicaulis,Vaatplanten,Teesdalia nudicaulis,(L.) R. Brown,Klein tasjeskruid,PBS,Provinciaal belangrijke soorten,PS,Prioritaire soort,Plantae
Provinciaal belangrijke soorten - Limburg,Teucrium scorodonia,Vaatplanten,Teucrium scorodonia,L.,Valse salie,PBS,Provinciaal belangrijke soorten,HS,Habitattypische soort,Plantae
Provinciaal belangrijke soorten - Limburg,Trichophorum cespitosus,Vaatplanten,Trichophorum cespitosus,(L.) Hartm.,Veenbies,PBS,Provinciaal belangrijke soorten,PS,Prioritaire soort,Plantae
Provinciaal belangrijke soorten - Limburg,Trisetum flavescens,Vaatplanten,Trisetum flavescens,(L.) Beauv.,Goudhaver,PBS,Provinciaal belangrijke soorten,HS,Habitattypische soort,Plantae
Provinciaal belangrijke soorten - Limburg,Utricularia australis,Vaatplanten,Utricularia australis,R. Brown,Loos blaasjeskruid,PBS,Provinciaal belangrijke soorten,PS,Prioritaire soort,Plantae
Provinciaal belangrijke soorten - Limburg,Utricularia minor,Vaatplanten,Utricularia minor,L.,Klein blaasjeskruid,PBS,Provinciaal belangrijke soorten,PS,Prioritaire soort,Plantae
Provinciaal belangrijke soorten - Limburg,Utricularia vulgaris,Vaatplanten,Utricularia vulgaris,L.,Groot blaasjeskruid,PBS,Provinciaal belangrijke soorten,HS,Habitattypische soort,Plantae
Provinciaal belangrijke soorten - Limburg,Vaccinium myrtillus,Vaatplanten,Vaccinium myrtillus,L.,Blauwe bosbes,PBS,Provinciaal belangrijke soorten,HS,Habitattypische soort,Plantae
Provinciaal belangrijke soorten - Limburg,Vaccinium oxycoccos,Vaatplanten,Vaccinium oxycoccos,L.,Kleine veenbes,PBS,Provinciaal belangrijke soorten,HS,Habitattypische soort,Plantae
Provinciaal belangrijke soorten - Limburg,Valerianella rimosa,Vaatplanten,Valerianella rimosa,Bast.,Geoorde veldsla,PBS,Provinciaal belangrijke soorten,PS,Prioritaire soort,Plantae
Provinciaal belangrijke soorten - Limburg,Veronica acinifolia,Vaatplanten,Veronica acinifolia,L.,Steentijmereprijs,PBS,Provinciaal belangrijke soorten,PS,Prioritaire soort,Plantae
Provinciaal belangrijke soorten - Limburg,Veronica opaca,Vaatplanten,Veronica opaca,Fries,Doffe ereprijs,PBS,Provinciaal belangrijke soorten,PS,Prioritaire soort,Plantae
Provinciaal belangrijke soorten - Limburg,Veronica triphyllos,Vaatplanten,Veronica triphyllos,L.,Handjesereprijs,PBS,Provinciaal belangrijke soorten,PS,Prioritaire soort,Plantae
Provinciaal belangrijke soorten - Limburg,Vinca minor,Vaatplanten,Vinca minor,L.,Kleine maagdenpalm,PBS,Provinciaal belangrijke soorten,HS,Habitattypische soort,Plantae
Provinciaal belangrijke soorten - Limburg,Vincetoxicum hirundinaria,Vaatplanten,Vincetoxicum hirundinaria,Med.,Witte engbloem,PBS,Provinciaal belangrijke soorten,PS,Prioritaire soort,Plantae
Provinciaal belangrijke soorten - Limburg,Viola canina,Vaatplanten,Viola canina,L.,Hondsviooltje,PBS,Provinciaal belangrijke soorten,HS,Habitattypische soort,Plantae
Provinciaal belangrijke soorten - Limburg,Viola odorata,Vaatplanten,Viola odorata,L.,Maarts viooltje,PBS,Provinciaal belangrijke soorten,HS,Habitattypische soort,Plantae
Provinciaal belangrijke soorten - Limburg,Viola palustris,Vaatplanten,Viola palustris,L.,Moerasviooltje,PBS,Provinciaal belangrijke soorten,HS,Habitattypische soort,Plantae
Provinciaal belangrijke soorten - Limburg,Alburnoides bipunctatus,Vissen,Alburnoides bipunctatus,NULL,Gestippelde alver,PBS,Provinciaal belangrijke soorten,PS,Prioritaire soort,Animalia
Provinciaal belangrijke soorten - Limburg,Anguilla anguilla,Vissen,Anguilla anguilla,NULL,Paling,PBS,Provinciaal belangrijke soorten,PS,Prioritaire soort,Animalia
Provinciaal belangrijke soorten - Limburg,Barbatula barbatula,Vissen,Barbatula barbatula,NULL,Bermpje,PBS,Provinciaal belangrijke soorten,HS,Habitattypische soort,Animalia
Provinciaal belangrijke soorten - Limburg,Cobitis taenia,Vissen,Cobitis taenia,NULL,Kleine modderkruiper,PBS,Provinciaal belangrijke soorten,PS,Prioritaire soort,Animalia
Provinciaal belangrijke soorten - Limburg,Cottus perifretum/rhenanus,Vissen,Cottus perifretum,NULL,Rivierdonderpad,PBS,Provinciaal belangrijke soorten,PS,Prioritaire soort,Animalia
Provinciaal belangrijke soorten - Limburg,Cottus perifretum/rhenanus,Vissen,Cottus rhenanus,NULL,Beekdonderpad,PBS,Provinciaal belangrijke soorten,PS,Prioritaire soort,Animalia
Provinciaal belangrijke soorten - Limburg,Lampetra fluviatilis,Vissen,Lampetra fluviatilis,NULL,Rivierprik,PBS,Provinciaal belangrijke soorten,PS,Prioritaire soort,Animalia
Provinciaal belangrijke soorten - Limburg,Leuciscus idus,Vissen,Leuciscus idus,NULL,Winde,PBS,Provinciaal belangrijke soorten,PS,Prioritaire soort,Animalia
Provinciaal belangrijke soorten - Limburg,Rhodeus amarus,Vissen,Rhodeus amarus,NULL,Bittervoorn,PBS,Provinciaal belangrijke soorten,PS,Prioritaire soort,Animalia
Provinciaal belangrijke soorten - Limburg,Salmo salar,Vissen,Salmo salar,NULL,Atlantische zalm,PBS,Provinciaal belangrijke soorten,PS,Prioritaire soort,Animalia
Provinciaal belangrijke soorten - Limburg,Squalius cephalus,Vissen,Leuciscus cephalus,NULL,Kopvoorn,PBS,Provinciaal belangrijke soorten,HS,Habitattypische soort,Animalia
Provinciaal belangrijke soorten - Limburg,Thymallus thymallus,Vissen,Thymallus thymallus,NULL,Vlagzalm,PBS,Provinciaal belangrijke soorten,PS,Prioritaire soort,Animalia
Provinciaal belangrijke soorten - Limburg,Canis lupus,Zoogdieren,Canis lupus,NULL,Wolf,PBS,Provinciaal belangrijke soorten,PS,Prioritaire soort,Animalia
Provinciaal belangrijke soorten - Limburg,Castor fiber,Zoogdieren,Castor fiber,NULL,Europese bever,PBS,Provinciaal belangrijke soorten,PS,Prioritaire soort,Animalia
Provinciaal belangrijke soorten - Limburg,Cervus elaphus,Zoogdieren,Cervus elaphus,NULL,Edelhert,PBS,Provinciaal belangrijke soorten,PS,Prioritaire soort,Animalia
Provinciaal belangrijke soorten - Limburg,Eliomys quercinus,Zoogdieren,Eliomys quercinus,NULL,Eikelmuis,PBS,Provinciaal belangrijke soorten,HS,Habitattypische soort,Animalia
Provinciaal belangrijke soorten - Limburg,Felis silvestris,Zoogdieren,Felis silvestris,NULL,Wilde kat,PBS,Provinciaal belangrijke soorten,PS,Prioritaire soort,Animalia
Provinciaal belangrijke soorten - Limburg,Lutra lutra,Zoogdieren,Lutra lutra,NULL,Europese otter,PBS,Provinciaal belangrijke soorten,PS,Prioritaire soort,Animalia
Provinciaal belangrijke soorten - Limburg,Neomys fodiens,Zoogdieren,Neomys fodiens,NULL,Waterspitsmuis,PBS,Provinciaal belangrijke soorten,HS,Habitattypische soort,Animalia
Provinciaal belangrijke soorten - Limburg,Eptesicus serotinus,Zoogdieren,Eptesicus serotinus,NULL,Laatvlieger,PBS,Provinciaal belangrijke soorten,PS,Prioritaire soort,Animalia
Provinciaal belangrijke soorten - Limburg,Myotis brandtii,Zoogdieren,Myotis brandtii,NULL,Brandts vleermuis,PBS,Provinciaal belangrijke soorten,PS,Prioritaire soort,Animalia
Provinciaal belangrijke soorten - Limburg,Myotis daubentonii,Zoogdieren,Myotis daubentonii,NULL,Watervleermuis,PBS,Provinciaal belangrijke soorten,PS,Prioritaire soort,Animalia
Provinciaal belangrijke soorten - Limburg,Myotis mystacinus,Zoogdieren,Myotis mystacinus,NULL,Baardvleermuis,PBS,Provinciaal belangrijke soorten,PS,Prioritaire soort,Animalia
Provinciaal belangrijke soorten - Limburg,Myotis nattereri,Zoogdieren,Myotis nattereri,NULL,Franjestaart,PBS,Provinciaal belangrijke soorten,PS,Prioritaire soort,Animalia
Provinciaal belangrijke soorten - Limburg,Nyctalus leisleri,Zoogdieren,Nyctalus leisleri,NULL,Bosvleermuis,PBS,Provinciaal belangrijke soorten,PS,Prioritaire soort,Animalia
Provinciaal belangrijke soorten - Limburg,Nyctalus noctula,Zoogdieren,Nyctalus noctula,NULL,Rosse vleermuis,PBS,Provinciaal belangrijke soorten,PS,Prioritaire soort,Animalia
Provinciaal belangrijke soorten - Limburg,Pipistrellus nathusii,Zoogdieren,Pipistrellus nathusii,NULL,Ruige dwergvleermuis,PBS,Provinciaal belangrijke soorten,PS,Prioritaire soort,Animalia
Provinciaal belangrijke soorten - Limburg,Pipistrellus pipistrellus,Zoogdieren,Pipistrellus pipistrellus,NULL,Gewone dwergvleermuis,PBS,Provinciaal belangrijke soorten,PS,Prioritaire soort,Animalia
Provinciaal belangrijke soorten - Limburg,Plecotus auritus,Zoogdieren,Plecotus auritus,NULL,Gewone grootoorvleermuis,PBS,Provinciaal belangrijke soorten,PS,Prioritaire soort,Animalia
Provinciaal belangrijke soorten - Limburg,Plecotus austriacus,Zoogdieren,Plecotus austriacus,NULL,Grijze grootoorvleermuis,PBS,Provinciaal belangrijke soorten,PS,Prioritaire soort,Animalia
Provinciaal belangrijke soorten - Limburg,Vespertilio murinus,Zoogdieren,Vespertilio murinus,NULL,Tweekleurige vleermuis,PBS,Provinciaal belangrijke soorten,PS,Prioritaire soort,Animalia
